record_key,doi,author_name,decision,reviewed_at,review_refresh_id,division,division_rule,year
doi:10.1002/ieam.1633,10.1002/ieam.1633,Riordan D.,dwr,2026-06-15 17:32:49,2026-06-15,SWP - Integrated Science and Engineering,5,2015
doi:10.1007/s00338-024-02486-9,10.1007/s00338-024-02486-9,Nelson P.,dwr,2026-06-15 17:32:59,2026-06-15,SWP - Integrated Science and Engineering,5,2017
doi:10.1029/2025jg009515,10.1029/2025JG009515,Flynn T.M.,dwr,2026-06-15 17:33:03,2026-06-15,SWP - Integrated Science and Engineering,5,2023
doi:10.1080/00288306.1965.10423195,10.1080/00288306.1965.10423195,Martin R.C.,dwr,2026-06-15 17:38:13,2026-06-15,Unknown,5,1965
doi:10.1002/esp.1579,10.1002/esp.1579,Legleiter C.J.,dwr,2026-06-15 17:38:25,2026-06-15,Unknown,5,2008
doi:10.1002/esp.1888,10.1002/esp.1888,Henderson A.,dwr,2026-06-15 17:38:39,2026-06-15,Planning,5,2009
doi:10.1002/hyp.7703,10.1002/hyp.7703,Hsu E.C.,dwr,2026-06-15 17:39:09,2026-06-15,SWP - Modeling Support Office,5,2010
doi:10.1002/ird.678,10.1002/ird.678,Roos M.,dwr,2026-06-15 17:39:20,2026-06-15,Unknown,5,2011
doi:10.1002/j.1551-8833.2008.tb08128.x,10.1002/j.1551-8833.2008.tb08128.x,Schwarz A.,dwr,2026-06-15 17:40:12,2026-06-15,Unknown,5,2008
doi:10.1002/jsl.3000060405,10.1002/jsl.3000060405,Neff F.,dwr,2026-06-15 17:40:22,2026-06-15,Unknown,5,1990
doi:10.1002/jwmg.187,10.1002/jwmg.187,Quickert P.,dwr,2026-06-15 17:40:36,2026-06-15,Unknown,5,2011
doi:10.1002/jwmg.187,10.1002/jwmg.187,Patterson L.,dwr,2026-06-15 17:40:38,2026-06-15,Unknown,bulk_pre2012,2011
doi:10.1002/ldr.814,10.1002/ldr.814,Karajeh F.,dwr,2026-06-15 17:40:59,2026-06-15,Unknown,bulk_pre2012,2008
doi:10.1002/vzj2.70115,10.1002/vzj2.70115,Sadeghi M.,dwr,2026-06-15 17:41:18,2026-06-15,Sustainable Groundwater Management,5,2026
doi:10.1007/bf00477254,10.1007/BF00477254,Heggli M.,dwr,2026-06-15 17:41:37,2026-06-15,Unknown,bulk_pre2012,1995
doi:10.1007/bf01985483,10.1007/BF01985483,Nickels W.C.,dwr,2026-06-15 17:41:54,2026-06-15,Unknown,bulk_pre2012,1980
doi:10.1007/bf01985483,10.1007/BF01985483,Gaston G.N.,dwr,2026-06-15 17:41:54,2026-06-15,Unknown,bulk_pre2012,1980
doi:10.1007/bf02346960,10.1007/BF02346960,Boles G.,dwr,2026-06-15 17:42:04,2026-06-15,Unknown,bulk_pre2012,1978
doi:10.1007/bf02732915,10.1007/BF02732915,Feyrer F.,dwr,2026-06-15 17:42:17,2026-06-15,Unknown,bulk_pre2012,2005
doi:10.1007/bf02732915,10.1007/BF02732915,Nobriga M.,dwr,2026-06-15 17:42:17,2026-06-15,Unknown,bulk_pre2012,2005
doi:10.1007/bf02782969,10.1007/BF02782969,Lehman P.W.,dwr,2026-06-15 17:42:25,2026-06-15,Unknown,bulk_pre2012,2007
doi:10.1007/s00267-013-0063-3,10.1007/s00267-013-0063-3,Skurka Darin G.,dwr,2026-06-15 17:43:44,2026-06-15,SWP - Integrated Science and Engineering,5,2013
doi:10.1007/s00382-010-0961-5,10.1007/s00382-010-0961-5,Wang J.,dwr,2026-06-15 17:44:05,2026-06-15,Unknown,bulk_pre2012,2011
doi:10.1007/s10452-007-9102-6,10.1007/s10452-007-9102-6,Lehman P.,dwr,2026-06-15 17:44:16,2026-06-15,Unknown,bulk_pre2012,2008
doi:10.1007/s10452-007-9102-6,10.1007/s10452-007-9102-6,Sommer T.,dwr,2026-06-15 17:44:17,2026-06-15,Unknown,bulk_pre2012,2008
doi:10.1007/s10452-007-9102-6,10.1007/s10452-007-9102-6,Rivard L.,dwr,2026-06-15 17:44:17,2026-06-15,Unknown,bulk_pre2012,2008
doi:10.1007/s10452-009-9295-y,10.1007/s10452-009-9295-y,Lehman P.W.,dwr,2026-06-15 17:44:35,2026-06-15,Unknown,bulk_pre2012,2010
doi:10.1007/s10452-009-9295-y,10.1007/s10452-009-9295-y,Mayr S.,dwr,2026-06-15 17:44:36,2026-06-15,Unknown,bulk_pre2012,2010
doi:10.1007/s10452-009-9295-y,10.1007/s10452-009-9295-y,Enright C.,dwr,2026-06-15 17:44:36,2026-06-15,Unknown,bulk_pre2012,2010
doi:10.1007/s10584-007-9353-1,10.1007/s10584-007-9353-1,Anderson J.,dwr,2026-06-15 17:44:54,2026-06-15,Unknown,bulk_pre2012,2007
doi:10.1007/s10584-007-9353-1,10.1007/s10584-007-9353-1,Anderson M.,dwr,2026-06-15 17:44:55,2026-06-15,Unknown,bulk_pre2012,2007
doi:10.1007/s10584-007-9353-1,10.1007/s10584-007-9353-1,Chung F.,dwr,2026-06-15 17:44:55,2026-06-15,Unknown,bulk_pre2012,2007
doi:10.1007/s10584-007-9353-1,10.1007/s10584-007-9353-1,Easton D.,dwr,2026-06-15 17:45:01,2026-06-15,Unknown,bulk_pre2012,2007
doi:10.1007/s10584-007-9353-1,10.1007/s10584-007-9353-1,Ejeta M.,dwr,2026-06-15 17:45:01,2026-06-15,Unknown,bulk_pre2012,2007
doi:10.1007/s10584-007-9353-1,10.1007/s10584-007-9353-1,Peterson R.,dwr,2026-06-15 17:45:09,2026-06-15,Unknown,bulk_pre2012,2007
doi:10.1007/s10584-007-9388-3,10.1007/s10584-007-9388-3,Anderson M.,dwr,2026-06-15 17:45:22,2026-06-15,Unknown,bulk_pre2012,2008
doi:10.1007/s10592-006-9157-2,10.1007/s10592-006-9157-2,Feyrer F.,dwr,2026-06-15 17:45:39,2026-06-15,Unknown,bulk_pre2012,2007
doi:10.1007/s10641-008-9376-0,10.1007/s10641-008-9376-0,Feyrer F.,dwr,2026-06-15 17:45:49,2026-06-15,Unknown,bulk_pre2012,2008
doi:10.1007/s10641-010-9672-3,10.1007/s10641-010-9672-3,Sommer T.,dwr,2026-06-15 17:46:00,2026-06-15,Unknown,bulk_pre2012,2010
doi:10.1007/s10641-010-9701-2,10.1007/s10641-010-9701-2,Miranda J.,dwr,2026-06-15 17:46:18,2026-06-15,Unknown,bulk_pre2012,2010
doi:10.1007/s10641-010-9701-2,10.1007/s10641-010-9701-2,Jones G.,dwr,2026-06-15 17:46:19,2026-06-15,Unknown,bulk_pre2012,2010
doi:10.1007/s10641-010-9716-8,10.1007/s10641-010-9716-8,Chun S.,dwr,2026-06-15 17:47:56,2026-06-15,Unknown,bulk_pre2012,2011
doi:10.1007/s10641-021-01119-2,10.1007/s10641-021-01119-2,Lorenzato S.,dwr,2026-06-15 17:48:12,2026-06-15,Unknown,5,2021
doi:10.1007/s10750-004-4670-0,10.1007/s10750-004-4670-0,Gehrts K.,dwr,2026-06-15 17:48:25,2026-06-15,Unknown,bulk_pre2012,2005
doi:10.1007/s10750-004-4670-0,10.1007/s10750-004-4670-0,Lehman P.W.,dwr,2026-06-15 17:48:25,2026-06-15,Unknown,bulk_pre2012,2005
doi:10.1007/s10750-006-0273-2,10.1007/s10750-006-0273-2,Feyrer F.,dwr,2026-06-15 17:48:45,2026-06-15,Unknown,bulk_pre2012,2006
doi:10.1007/s10750-006-0273-2,10.1007/s10750-006-0273-2,Sommer T.,dwr,2026-06-15 17:48:45,2026-06-15,Unknown,bulk_pre2012,2006
doi:10.1007/s10750-006-0273-2,10.1007/s10750-006-0273-2,Harrell W.,dwr,2026-06-15 17:48:46,2026-06-15,Unknown,bulk_pre2012,2006
doi:10.1007/s10750-007-9159-1,10.1007/s10750-007-9159-1,Swift T.J.,dwr,2026-06-15 17:49:04,2026-06-15,Unknown,bulk_pre2012,2008
doi:10.1007/s10750-007-9159-1,10.1007/s10750-007-9159-1,Harrell W.C.,dwr,2026-06-15 17:49:04,2026-06-15,Unknown,bulk_pre2012,2008
doi:10.1007/s10750-007-9159-1,10.1007/s10750-007-9159-1,Sommer T.R.,dwr,2026-06-15 17:49:04,2026-06-15,Unknown,bulk_pre2012,2008
doi:10.1007/s10750-007-9239-2,10.1007/s10750-007-9239-2,Benigno G.,dwr,2026-06-15 17:49:15,2026-06-15,Unknown,bulk_pre2012,2008
doi:10.1007/s10750-007-9239-2,10.1007/s10750-007-9239-2,Sommer T.,dwr,2026-06-15 17:49:15,2026-06-15,Unknown,bulk_pre2012,2008
doi:10.1007/s10750-009-9999-y,10.1007/s10750-009-9999-y,Lehman P.W.,dwr,2026-06-15 17:49:29,2026-06-15,Unknown,bulk_pre2012,2010
doi:10.1007/s10750-009-9999-y,10.1007/s10750-009-9999-y,Bass E.,dwr,2026-06-15 17:49:30,2026-06-15,Unknown,bulk_pre2012,2010
doi:10.1007/s10750-009-9999-y,10.1007/s10750-009-9999-y,Hogle C.,dwr,2026-06-15 17:49:30,2026-06-15,Unknown,bulk_pre2012,2010
doi:10.1007/s12237-018-0417-4,10.1007/s12237-018-0417-4,Louise Conrad J.,dwr,2026-06-15 17:49:57,2026-06-15,SWP - Integrated Science and Engineering,5,2018
doi:10.1016/0011-9164(87)80023-1,10.1016/0011-9164(87)80023-1,Cowin M.,dwr,2026-06-15 17:50:12,2026-06-15,Unknown,bulk_pre2012,1987
doi:10.1016/0011-9164(90)80029-b,10.1016/0011-9164(90)80029-B,Smith B.,dwr,2026-06-15 17:50:20,2026-06-15,Unknown,bulk_pre2012,1990
doi:10.1016/0011-9164(92)80122-p,10.1016/0011-9164(92)80122-P,Hayes D.,dwr,2026-06-15 17:50:33,2026-06-15,Unknown,bulk_pre2012,1992
doi:10.1016/0011-9164(92)80122-p,10.1016/0011-9164(92)80122-P,Kipps J.,dwr,2026-06-15 17:50:34,2026-06-15,Unknown,bulk_pre2012,1992
doi:10.1016/0011-9164(92)80139-z,10.1016/0011-9164(92)80139-Z,Smith B.,dwr,2026-06-15 17:50:41,2026-06-15,Unknown,bulk_pre2012,1992
doi:10.1016/0043-1354(75)90079-2,10.1016/0043-1354(75)90079-2,Brown R.L.,dwr,2026-06-15 17:50:47,2026-06-15,Unknown,bulk_pre2012,1975
doi:10.1016/0378-3774(81)90054-8,10.1016/0378-3774(81)90054-8,Ghorbanzadeh A.,dwr,2026-06-15 17:50:56,2026-06-15,Unknown,bulk_pre2012,1981
doi:10.1016/s0011-9164(00)86035-x,10.1016/S0011-9164(00)86035-X,Lopez J.G.,dwr,2026-06-15 17:51:08,2026-06-15,Unknown,bulk_pre2012,1980
doi:10.1016/s0011-9164(00)88025-x,10.1016/S0011-9164(00)88025-X,Yamamoto K.,dwr,2026-06-15 17:51:47,2026-06-15,Unknown,bulk_pre2012,1976
doi:10.1016/s0011-9164(00)88025-x,10.1016/S0011-9164(00)88025-X,Brice D.,dwr,2026-06-15 17:51:47,2026-06-15,Unknown,bulk_pre2012,1976
doi:10.1016/s0022-1694(01)00416-4,10.1016/S0022-1694(01)00416-4,Mierzwa M.D.,dwr,2026-06-15 17:51:59,2026-06-15,Unknown,bulk_pre2012,2001
doi:10.1016/s0043-1354(02)00007-6,10.1016/S0043-1354(02)00007-6,Cervinka V.,dwr,2026-06-15 17:52:11,2026-06-15,Unknown,bulk_pre2012,2002
doi:10.1016/j.apgeochem.2010.04.017,10.1016/j.apgeochem.2010.04.017,Joseph T.,dwr,2026-06-15 17:52:25,2026-06-15,Unknown,bulk_pre2012,2010
doi:10.1016/j.biosystemseng.2011.06.002,10.1016/j.biosystemseng.2011.06.002,Gautam R.,dwr,2026-06-15 17:52:36,2026-06-15,Unknown,bulk_pre2012,2011
doi:10.1016/j.chemosphere.2005.06.039,10.1016/j.chemosphere.2005.06.039,Guo F.,dwr,2026-06-15 17:52:50,2026-06-15,Unknown,bulk_pre2012,2006
doi:10.1016/j.desal.2010.05.031,10.1016/j.desal.2010.05.031,Faria J.,dwr,2026-06-15 17:53:03,2026-06-15,Unknown,bulk_pre2012,2010
doi:10.1016/j.desal.2010.05.031,10.1016/j.desal.2010.05.031,Kovac K.,dwr,2026-06-15 17:53:04,2026-06-15,Unknown,bulk_pre2012,2010
doi:10.1016/j.desal.2010.05.031,10.1016/j.desal.2010.05.031,Lara D.,dwr,2026-06-15 17:53:04,2026-06-15,Unknown,bulk_pre2012,2010
doi:10.1016/j.envsoft.2004.08.014,10.1016/j.envsoft.2004.08.014,Jacobs K.,dwr,2026-06-15 17:53:25,2026-06-15,Unknown,bulk_pre2012,2005
doi:10.1016/j.jhydrol.2026.135008,10.1016/j.jhydrol.2026.135008,Sadeghi M.,dwr,2026-06-15 17:53:46,2026-06-15,Sustainable Groundwater Management,5,2026
doi:10.1016/j.quaint.2007.06.006,10.1016/j.quaint.2007.06.006,Roos M.,dwr,2026-06-15 17:54:45,2026-06-15,Unknown,bulk_pre2012,2008
doi:10.1016/j.rse.2022.113443,10.1016/j.rse.2022.113443,Sadeghi M.,dwr,2026-06-15 17:54:55,2026-06-15,Sustainable Groundwater Management,5,2023
doi:10.1017/s0959270905000067,10.1017/S0959270905000067,Cook L.F.,dwr,2026-06-15 17:55:04,2026-06-15,Unknown,bulk_pre2012,2005
doi:10.1017/inp.2021.23,10.1017/inp.2021.23,Darin G.M.S.,dwr,2026-06-15 17:55:19,2026-06-15,SWP - Integrated Science and Engineering,5,2021
doi:10.1029/2008wr006941,10.1029/2008WR006941,Anderson J.D.,dwr,2026-06-15 17:55:35,2026-06-15,Unknown,bulk_pre2012,2009
doi:10.1029/2009jf001347,10.1029/2009JF001347,Jha S.K.,dwr,2026-06-15 17:56:01,2026-06-15,Unknown,bulk_pre2012,2010
doi:10.1029/2024wr038149,10.1029/2024WR038149,Sadeghi M.,dwr,2026-06-15 17:56:39,2026-06-15,Sustainable Groundwater Management,5,2025
doi:10.1039/b912098j,10.1039/b912098j,Ngatia M.,dwr,2026-06-15 17:56:52,2026-06-15,Unknown,bulk_pre2012,2010
doi:10.1039/b912098j,10.1039/b912098j,San Julian S.,dwr,2026-06-15 17:56:52,2026-06-15,Unknown,bulk_pre2012,2010
doi:10.1039/b912098j,10.1039/b912098j,Gonzalez D.,dwr,2026-06-15 17:56:53,2026-06-15,Unknown,bulk_pre2012,2010
doi:10.1039/b912098j,10.1039/b912098j,Conner A.,dwr,2026-06-15 17:56:53,2026-06-15,Unknown,bulk_pre2012,2010
doi:10.1061/(asce)1090-0241(2009)135:4(525),10.1061/(ASCE)1090-0241(2009)135:4(525),Wehling T.M.,dwr,2026-06-15 17:57:09,2026-06-15,Unknown,bulk_pre2012,2009
doi:10.1061/(asce)1090-0241(2009)135:4(525),10.1061/(ASCE)1090-0241(2009)135:4(525),Driller M.W.,dwr,2026-06-15 17:57:15,2026-06-15,Unknown,bulk_pre2012,2009
doi:10.1061/(asce)he.1943-5584.0000017,10.1061/(ASCE)HE.1943-5584.0000017,Huang G.,dwr,2026-06-15 17:57:25,2026-06-15,Unknown,bulk_pre2012,2009
doi:10.1080/00288306.1965.10423196,10.1080/00288306.1965.10423196,Martin R.C.,dwr,2026-06-15 17:59:06,2026-06-15,Unknown,bulk_pre2012,1965
doi:10.1080/10286600802003500,10.1080/10286600802003500,Brugnach M.,dwr,2026-06-15 17:59:51,2026-06-15,Unknown,bulk_pre2012,2009
doi:10.1080/10286600802003500,10.1080/10286600802003500,Temesgen B.,dwr,2026-06-15 17:59:52,2026-06-15,Unknown,bulk_pre2012,2009
doi:10.1080/10286600802003500,10.1080/10286600802003500,Frame K.,dwr,2026-06-15 17:59:52,2026-06-15,Unknown,bulk_pre2012,2009
doi:10.1111/j.1439-0426.2010.01650.x,10.1111/j.1439-0426.2010.01650.x,Rotondo M.M.,dwr,2026-06-15 18:01:25,2026-06-15,Unknown,bulk_pre2012,2011
doi:10.1111/j.1439-0426.2010.01650.x,10.1111/j.1439-0426.2010.01650.x,Padilla R.,dwr,2026-06-15 18:01:25,2026-06-15,Unknown,bulk_pre2012,2011
doi:10.1111/j.1439-0426.2010.01650.x,10.1111/j.1439-0426.2010.01650.x,Churchwell R.,dwr,2026-06-15 18:01:26,2026-06-15,Unknown,bulk_pre2012,2011
doi:10.1111/j.1745-6584.1980.tb03394.x,10.1111/j.1745-6584.1980.tb03394.x,Mido K.,dwr,2026-06-15 18:03:13,2026-06-15,Unknown,bulk_pre2012,1980
doi:10.1111/j.1745-6584.1974.tb03028.x,10.1111/j.1745-6584.1974.tb03028.x,Welsh J.L.,dwr,2026-06-15 18:03:15,2026-06-15,Unknown,bulk_pre2012,1974
doi:10.1111/j.1745-6584.1974.tb03021.x,10.1111/j.1745-6584.1974.tb03021.x,Remy M.,dwr,2026-06-15 18:03:16,2026-06-15,Unknown,bulk_pre2012,1974
doi:10.1111/j.1745-6584.1974.tb03018.x,10.1111/j.1745-6584.1974.tb03018.x,Low E.,dwr,2026-06-15 18:03:18,2026-06-15,Unknown,bulk_pre2012,1974
doi:10.1111/j.1745-6584.1974.tb03007.x,10.1111/j.1745-6584.1974.tb03007.x,Teerink J.,dwr,2026-06-15 18:03:19,2026-06-15,Unknown,bulk_pre2012,1974
doi:10.1111/j.1745-6584.1974.tb02996.x,10.1111/j.1745-6584.1974.tb02996.x,Hassan A.,dwr,2026-06-15 18:03:20,2026-06-15,Unknown,bulk_pre2012,1974
doi:10.1111/j.1745-6584.1980.tb03396.x,10.1111/j.1745-6584.1980.tb03396.x,Fielden J.,dwr,2026-06-15 18:03:41,2026-06-15,Unknown,bulk_pre2012,1980
doi:10.1111/j.1745-6584.1981.tb03436.x,10.1111/j.1745-6584.1981.tb03436.x,Mido K.,dwr,2026-06-15 18:03:59,2026-06-15,Unknown,bulk_pre2012,1981
doi:10.1111/j.1752-1688.1972.tb05107.x,10.1111/j.1752-1688.1972.tb05107.x,Peters H.,dwr,2026-06-15 18:04:10,2026-06-15,Unknown,bulk_pre2012,1972
doi:10.1111/j.1752-1688.1972.tb05108.x,10.1111/j.1752-1688.1972.tb05108.x,Weber E.,dwr,2026-06-15 18:04:29,2026-06-15,Unknown,bulk_pre2012,1972
doi:10.1111/j.1752-1688.1972.tb05108.x,10.1111/j.1752-1688.1972.tb05108.x,Hassan A.,dwr,2026-06-15 18:04:29,2026-06-15,Unknown,bulk_pre2012,1972
doi:10.1111/j.1752-1688.1984.tb04730.x,10.1111/j.1752-1688.1984.tb04730.x,Turner K.,dwr,2026-06-15 18:06:02,2026-06-15,Unknown,bulk_pre2012,1984
doi:10.1111/j.1752-1688.1985.tb05353.x,10.1111/j.1752-1688.1985.tb05353.x,Sabet M.H.,dwr,2026-06-15 18:06:15,2026-06-15,Unknown,bulk_pre2012,1985
doi:10.1111/j.1755-0998.2011.03011.x,10.1111/j.1755-0998.2011.03011.x,Schreier B.,dwr,2026-06-15 18:06:28,2026-06-15,Unknown,bulk_pre2012,2011
doi:10.1139/f07-048,10.1139/F07-048,Feyrer F.,dwr,2026-06-15 18:07:04,2026-06-15,Unknown,bulk_pre2012,2007
doi:10.1139/f07-048,10.1139/F07-048,Sommer T.R.,dwr,2026-06-15 18:07:06,2026-06-15,Unknown,bulk_pre2012,2007
doi:10.1186/2193-1801-2-491,10.1186/2193-1801-2-491,Waller S.,dwr,2026-06-15 18:07:52,2026-06-15,Unknown,5,2013
doi:10.1193/1.1586191,10.1193/1.1586191,Harder L.,dwr,2026-06-15 18:08:16,2026-06-15,Unknown,bulk_pre2012,2001
doi:10.15447/sfews.2020v18iss3art6,10.15447/SFEWS.2020V18ISS3ART6,Matica Z.,dwr,2026-06-15 18:08:47,2026-06-15,SWP - Integrated Science and Engineering,5,2020
doi:10.1577/1548-8446(2001)026<0006:cyb>2.0.co;2,10.1577/1548-8446(2001)026<0006:CYB>2.0.CO;2,Sommer T.,dwr,2026-06-15 18:09:26,2026-06-15,Unknown,bulk_pre2012,2001
doi:10.1577/1548-8446(2001)026<0006:cyb>2.0.co;2,10.1577/1548-8446(2001)026<0006:CYB>2.0.CO;2,Harrell B.,dwr,2026-06-15 18:09:27,2026-06-15,Unknown,bulk_pre2012,2001
doi:10.1577/1548-8446(2001)026<0006:cyb>2.0.co;2,10.1577/1548-8446(2001)026<0006:CYB>2.0.CO;2,Nobriga M.,dwr,2026-06-15 18:09:27,2026-06-15,Unknown,bulk_pre2012,2001
doi:10.1577/1548-8446(2001)026<0006:cyb>2.0.co;2,10.1577/1548-8446(2001)026<0006:CYB>2.0.CO;2,Brown R.,dwr,2026-06-15 18:09:35,2026-06-15,Unknown,bulk_pre2012,2001
doi:10.1577/1548-8446(2007)32[270:tcopfi]2.0.co;2,10.1577/1548-8446(2007)32[270:TCOPFI]2.0.CO;2,Sommer T.,dwr,2026-06-15 18:09:55,2026-06-15,Unknown,bulk_pre2012,2007
doi:10.1577/1548-8446(2007)32[270:tcopfi]2.0.co;2,10.1577/1548-8446(2007)32[270:TCOPFI]2.0.CO;2,Feyrer F.,dwr,2026-06-15 18:09:57,2026-06-15,Unknown,bulk_pre2012,2007
doi:10.1577/1548-8659(1997)126<0961:rosits>2.3.co;2,10.1577/1548-8659(1997)126<0961:ROSITS>2.3.CO;2,Sommer T.,dwr,2026-06-15 18:10:53,2026-06-15,Unknown,bulk_pre2012,1997
doi:10.1577/1548-8659(2002)131<0797:naafia>2.0.co;2,10.1577/1548-8659(2002)131<0797:NAAFIA>2.0.CO;2,Pierce L.C.,dwr,2026-06-15 18:11:04,2026-06-15,Unknown,bulk_pre2012,2002
doi:10.1577/1548-8659(2002)131<0966:sarosi>2.0.co;2,10.1577/1548-8659(2002)131<0966:SAROSI>2.0.CO;2,Sommer T.,dwr,2026-06-15 18:11:15,2026-06-15,Unknown,bulk_pre2012,2002
doi:10.1577/1548-8659(2002)131<0966:sarosi>2.0.co;2,10.1577/1548-8659(2002)131<0966:SAROSI>2.0.CO;2,Conrad L.,dwr,2026-06-15 18:11:16,2026-06-15,Unknown,bulk_pre2012,2002
doi:10.1577/1548-8659(2002)131<0966:sarosi>2.0.co;2,10.1577/1548-8659(2002)131<0966:SAROSI>2.0.CO;2,O'Leary G.,dwr,2026-06-15 18:11:16,2026-06-15,Unknown,bulk_pre2012,2002
doi:10.1577/1548-8659(2002)131<0966:sarosi>2.0.co;2,10.1577/1548-8659(2002)131<0966:SAROSI>2.0.CO;2,Feyrer F.,dwr,2026-06-15 18:11:16,2026-06-15,Unknown,bulk_pre2012,2002
doi:10.1577/1548-8659(2002)131<0966:sarosi>2.0.co;2,10.1577/1548-8659(2002)131<0966:SAROSI>2.0.CO;2,Harrell W.,dwr,2026-06-15 18:11:17,2026-06-15,Unknown,bulk_pre2012,2002
doi:10.1577/1548-8675(2000)020<0784:stptso>2.3.co;2,10.1577/1548-8675(2000)020<0784:STPTSO>2.3.CO;2,Rischbieter D.,dwr,2026-06-15 18:11:27,2026-06-15,Unknown,bulk_pre2012,2000
doi:10.1577/m04-208.1,10.1577/M04-208.1,Harrell W.C.,dwr,2026-06-15 18:12:16,2026-06-15,Unknown,bulk_pre2012,2005
doi:10.1577/m04-208.1,10.1577/M04-208.1,Sommer T.R.,dwr,2026-06-15 18:12:17,2026-06-15,Unknown,bulk_pre2012,2005
doi:10.1577/m04-208.1,10.1577/M04-208.1,Nobriga M.L.,dwr,2026-06-15 18:12:17,2026-06-15,Unknown,bulk_pre2012,2005
doi:10.1577/m05-113.1,10.1577/M05-113.1,Feyrer F.,dwr,2026-06-15 18:12:28,2026-06-15,Unknown,bulk_pre2012,2006
doi:10.1577/m05-113.1,10.1577/M05-113.1,Sommer T.,dwr,2026-06-15 18:12:29,2026-06-15,Unknown,bulk_pre2012,2006
doi:10.1577/m05-113.1,10.1577/M05-113.1,Harrell W.,dwr,2026-06-15 18:12:29,2026-06-15,Unknown,bulk_pre2012,2006
doi:10.1577/m08-062.1,10.1577/M08-062.1,Holland E.,dwr,2026-06-15 18:12:51,2026-06-15,Unknown,bulk_pre2012,2009
doi:10.1577/m08-062.1,10.1577/M08-062.1,Jones G.,dwr,2026-06-15 18:12:52,2026-06-15,Unknown,bulk_pre2012,2009
doi:10.1577/m08-062.1,10.1577/M08-062.1,van Ark N.,dwr,2026-06-15 18:12:52,2026-06-15,Unknown,bulk_pre2012,2009
doi:10.1577/m08-062.1,10.1577/M08-062.1,Sommer T.,dwr,2026-06-15 18:12:53,2026-06-15,Unknown,bulk_pre2012,2009
doi:10.1577/m08-062.1,10.1577/M08-062.1,Grimaldo L.F.,dwr,2026-06-15 18:12:53,2026-06-15,Unknown,bulk_pre2012,2009
doi:10.1577/t06-044.1,10.1577/T06-044.1,Feyrer F.,dwr,2026-06-15 18:13:10,2026-06-15,Unknown,bulk_pre2012,2007
doi:10.1577/t06-044.1,10.1577/T06-044.1,Sommer T.,dwr,2026-06-15 18:13:11,2026-06-15,Unknown,bulk_pre2012,2007
doi:10.1577/t06-044.1,10.1577/T06-044.1,Clark K.,dwr,2026-06-15 18:13:12,2026-06-15,Unknown,bulk_pre2012,2007
doi:10.1577/t06-048.1,10.1577/T06-048.1,Churchwell R.,dwr,2026-06-15 19:20:26,2026-06-15,Unknown,bulk_pre2012,2007
doi:10.1577/t06-064.1,10.1577/T06-064.1,Rotondo M.M.G.,dwr,2026-06-15 19:20:57,2026-06-15,Unknown,bulk_pre2012,2007
doi:10.1577/t06-064.1,10.1577/T06-064.1,Hochgraf K.L.,dwr,2026-06-15 19:20:57,2026-06-15,Unknown,bulk_pre2012,2007
doi:10.1577/t06-064.1,10.1577/T06-064.1,Churchwell R.,dwr,2026-06-15 19:20:59,2026-06-15,Unknown,bulk_pre2012,2007
doi:10.1577/t06-253.1,10.1577/T06-253.1,Feyrer F.,dwr,2026-06-15 19:21:21,2026-06-15,Unknown,bulk_pre2012,2007
doi:10.1577/t06-253.1,10.1577/T06-253.1,Sommer T.,dwr,2026-06-15 19:21:22,2026-06-15,Unknown,bulk_pre2012,2007
doi:10.1577/t07-097.1,10.1577/T07-097.1,Feyrer F.,dwr,2026-06-15 19:21:36,2026-06-15,Unknown,bulk_pre2012,2008
doi:10.1577/t08-112.1,10.1577/T08-112.1,Sommer T.R.,dwr,2026-06-15 19:21:48,2026-06-15,Unknown,bulk_pre2012,2010
doi:10.2134/jeq2004.0394,10.2134/jeq2004.0394,Guo F.,dwr,2026-06-15 19:22:04,2026-06-15,Unknown,bulk_pre2012,2006
doi:10.2134/jeq2004.0394,10.2134/jeq2004.0394,Breuer R.S.,dwr,2026-06-15 19:22:04,2026-06-15,Unknown,bulk_pre2012,2006
doi:10.2307/1352781,10.2307/1352781,Lehman P.,dwr,2026-06-15 19:22:14,2026-06-15,Unknown,bulk_pre2012,1992
doi:10.3354/ame01320,10.3354/ame01320,Lehman P.,dwr,2026-06-15 19:23:10,2026-06-15,Unknown,bulk_pre2012,2009
doi:10.3390/urbansci9020028,10.3390/urbansci9020028,Fahad M.G.R.,dwr,2026-06-15 19:23:21,2026-06-15,North Central Region Office,5,2025
doi:10.3398/1527-0904(2006)66[106:aospbi]2.0.co;2,10.3398/1527-0904(2006)66[106:AOSPBI]2.0.CO;2,Nobriga M.L.,dwr,2026-06-15 19:23:32,2026-06-15,Unknown,bulk_pre2012,2006
doi:10.3398/1527-0904(2006)66[106:aospbi]2.0.co;2,10.3398/1527-0904(2006)66[106:AOSPBI]2.0.CO;2,Feyrer F.,dwr,2026-06-15 19:23:33,2026-06-15,Unknown,bulk_pre2012,2006
doi:10.4319/lo.1962.7.1.0014,10.4319/lo.1962.7.1.0014,Gunnerson C.,dwr,2026-06-15 19:23:42,2026-06-15,Unknown,bulk_pre2012,1962
doi:10.4319/lo.1962.7.1.0014,10.4319/lo.1962.7.1.0014,Emery K.,dwr,2026-06-15 19:23:42,2026-06-15,Unknown,bulk_pre2012,1962
doi:10.1111/1755-0998.13777,10.1111/1755-0998.13777,Baerwald M.R.,dwr,2026-06-15 19:24:08,2026-06-15,SWP - Integrated Science and Engineering,1,2025
doi:10.1111/eva.13705,10.1111/eva.13705,Goertler P.,dwr,2026-06-15 19:25:59,2026-06-15,Executive,1,2024
doi:10.1111/eva.13705,10.1111/eva.13705,Baerwald M.R.,dwr,2026-06-15 19:25:59,2026-06-15,SWP - Integrated Science and Engineering,1,2024
doi:10.1139/cjfas-2019-0171,10.1139/cjfas-2019-0171,Baerwald M.R.,dwr,2026-06-15 19:26:18,2026-06-15,SWP - Integrated Science and Engineering,1,2020
doi:10.1371/journal.pone.0203953,10.1371/journal.pone.0203953,Lehman P.W.,dwr,2026-06-15 19:26:37,2026-06-15,SWP - Integrated Science and Engineering,3,2018
doi:10.1371/journal.pone.0203953,10.1371/journal.pone.0203953,Lesmeister S.,dwr,2026-06-15 19:26:37,2026-06-15,SWP - Integrated Science and Engineering,1,2018
doi:10.3389/fmicb.2021.632264,10.3389/fmicb.2021.632264,Lesmeister S.,dwr,2026-06-15 19:26:49,2026-06-15,SWP - Integrated Science and Engineering,1,2021
doi:10.3389/fmicb.2021.632264,10.3389/fmicb.2021.632264,Lehman P.W.,dwr,2026-06-15 19:26:50,2026-06-15,SWP - Integrated Science and Engineering,1,2021
doi:10.1002/2014jd022414,10.1002/2014JD022414,Gautam M.R.,dwr,2026-06-15 19:27:05,2026-06-15,Flood Operations,1,2015
doi:10.1002/2016wr020133,10.1002/2016WR020133,He M.,dwr,2026-06-15 19:27:22,2026-06-15,Multibenefit Initiatives,1,2017
doi:10.1002/aff2.91,10.1002/aff2.91,Miranda J.,dwr,2026-06-15 19:27:49,2026-06-15,SWP - Integrated Science and Engineering,1,2023
doi:10.1002/awwa.2011,10.1002/awwa.2011,Arnold W.,dwr,2026-06-15 19:28:47,2026-06-15,Planning,2,2022
doi:10.1002/awwa.2011,10.1002/awwa.2011,Spanos K.A.,dwr,2026-06-15 19:28:48,2026-06-15,Office of General Counsel,2,2022
doi:10.1002/awwa.2011,10.1002/awwa.2011,Schwarz A.,dwr,2026-06-15 19:28:48,2026-06-15,Executive,1,2022
doi:10.1002/awwa.2011,10.1002/awwa.2011,Doan C.,dwr,2026-06-15 19:28:57,2026-06-15,SWP - Power Compliance,2,2022
doi:10.1002/awwa.2011,10.1002/awwa.2011,Deaver K.,dwr,2026-06-15 19:29:05,2026-06-15,Office of General Counsel,5,2022
doi:10.1002/awwa.2011,10.1002/awwa.2011,Akens M.U.,dwr,2026-06-15 19:29:35,2026-06-15,Office of General Counsel,1,2022
doi:10.1002/awwa.2011,10.1002/awwa.2011,Maendly R.,dwr,2026-06-15 19:29:35,2026-06-15,Planning,1,2022
doi:10.1002/awwa.2011,10.1002/awwa.2011,Selmon M.,dwr,2026-06-15 19:30:04,2026-06-15,Unknown,5,2022
doi:10.1002/awwa.2011,10.1002/awwa.2011,Ekstrom J.,dwr,2026-06-15 19:30:04,2026-06-15,Regional Assistance,1,2022
doi:10.1002/awwa.2011,10.1002/awwa.2011,Coombe P.,dwr,2026-06-15 19:30:04,2026-06-15,Northern Region Office,1,2022
doi:10.1002/awwa.2011,10.1002/awwa.2011,Andrew J.,dwr,2026-06-15 19:30:05,2026-06-15,Executive,1,2022
doi:10.1002/eap.2243,10.1002/eap.2243,Sommer T.,dwr,2026-06-15 19:30:52,2026-06-15,SWP - Integrated Science and Engineering,1,2021
doi:10.1002/eap.2243,10.1002/eap.2243,Lehman P.,dwr,2026-06-15 19:30:52,2026-06-15,SWP - Integrated Science and Engineering,1,2021
doi:10.1002/eap.70110,10.1002/eap.70110,Grimaldo L.,dwr,2026-06-15 19:31:17,2026-06-15,Executive,1,2025
doi:10.1002/eap.70146,10.1002/eap.70146,Goertler P.,dwr,2026-06-15 19:31:45,2026-06-15,Executive,1,2025
doi:10.1002/eap.70146,10.1002/eap.70146,Stumpner E.,dwr,2026-06-15 19:31:46,2026-06-15,SWP - Engineering,1,2025
doi:10.1002/ece3.5146,10.1002/ece3.5146,Feldheim C.,dwr,2026-06-15 19:32:17,2026-06-15,SWP - Integrated Science and Engineering,1,2019
doi:10.1002/ece3.6078,10.1002/ece3.6078,Feldheim C.L.,dwr,2026-06-15 19:32:43,2026-06-15,SWP - Integrated Science and Engineering,1,2020
doi:10.1002/ece3.7245,10.1002/ece3.7245,Feldheim C.L.,dwr,2026-06-15 19:32:59,2026-06-15,SWP - Integrated Science and Engineering,1,2021
doi:10.1002/ece3.7561,10.1002/ece3.7561,Feldheim C.L.,dwr,2026-06-15 19:33:14,2026-06-15,SWP - Integrated Science and Engineering,1,2021
doi:10.1002/ecm.1567,10.1002/ecm.1567,Brown T.,dwr,2026-06-15 19:33:35,2026-06-15,SWP - Integrated Science and Engineering,4,2023
doi:10.1002/ecy.3854,10.1002/ecy.3854,Rasmussen N.L.,dwr,2026-06-15 19:33:50,2026-06-15,SWP - Integrated Science and Engineering,1,2023
doi:10.1002/ecy.4274,10.1002/ecy.4274,Perry S.,dwr,2026-06-15 19:34:10,2026-06-15,SWP - Integrated Science and Engineering,1,2024
doi:10.1002/edn3.432,10.1002/edn3.432,Baerwald M.R.,dwr,2026-06-15 19:35:05,2026-06-15,SWP - Integrated Science and Engineering,1,2024
doi:10.1002/edn3.506,10.1002/edn3.506,Baerwald M.R.,dwr,2026-06-15 19:35:37,2026-06-15,SWP - Integrated Science and Engineering,1,2024
doi:10.1002/edn3.560,10.1002/edn3.560,Gille D.,dwr,2026-06-15 19:36:00,2026-06-15,SWP - Integrated Science and Engineering,1,2024
doi:10.1002/etc.4659,10.1002/etc.4659,Lehman P.,dwr,2026-06-15 19:36:16,2026-06-15,SWP - Integrated Science and Engineering,1,2020
doi:10.1002/hyp.13253,10.1002/hyp.13253,Anderson M.L.,dwr,2026-06-15 19:36:35,2026-06-15,Flood Operations,4,2018
doi:10.1002/hyp.13253,10.1002/hyp.13253,Chen Z.Q.R.,dwr,2026-06-15 19:36:36,2026-06-15,SWP - Modeling Support Office,5,2018
doi:10.1002/hyp.15314,10.1002/hyp.15314,Schwarz A.,dwr,2026-06-15 19:36:53,2026-06-15,Executive,1,2024
doi:10.1002/hyp.9535,10.1002/hyp.9535,Chen Z.Q.,dwr,2026-06-15 19:37:07,2026-06-15,SWP - Modeling Support Office,4,2013
doi:10.1002/hyp.9536,10.1002/hyp.9536,Chen Z.Q.,dwr,2026-06-15 19:37:21,2026-06-15,SWP - Modeling Support Office,4,2013
doi:10.1002/hyp.9821,10.1002/hyp.9821,Chen Z.Q.,dwr,2026-06-15 19:37:40,2026-06-15,SWP - Modeling Support Office,4,2014
doi:10.1002/hyp.9821,10.1002/hyp.9821,Anderson M.,dwr,2026-06-15 19:37:40,2026-06-15,Flood Operations,4,2014
doi:10.1002/hyp.9821,10.1002/hyp.9821,Liang L.,dwr,2026-06-15 19:37:46,2026-06-15,SWP - Modeling Support Office,1,2014
doi:10.1002/hyp.9878,10.1002/hyp.9878,Ejeta M.Z.,dwr,2026-06-15 19:37:58,2026-06-15,SWP - Modeling Support Office,1,2014
doi:10.1002/jat.4599,10.1002/jat.4599,Meyer S.,dwr,2026-06-15 19:38:25,2026-06-15,SWP - Integrated Science and Engineering,1,2024
doi:10.1002/jwmg.21421,10.1002/jwmg.21421,Finfrock P.,dwr,2026-06-15 19:38:45,2026-06-15,Multibenefit Initiatives,1,2018
doi:10.1002/jwmg.21421,10.1002/jwmg.21421,Patterson L.,dwr,2026-06-15 19:38:46,2026-06-15,Unknown,5,2018
doi:10.1002/jwmg.21444,10.1002/jwmg.21444,Feldheim C.,dwr,2026-06-15 19:39:08,2026-06-15,SWP - Integrated Science and Engineering,1,2018
doi:10.1002/jwmg.22314,10.1002/jwmg.22314,Feldheim C.L.,dwr,2026-06-15 19:39:23,2026-06-15,SWP - Integrated Science and Engineering,2,2022
doi:10.1002/lno.11162,10.1002/lno.11162,Hall A.,dwr,2026-06-15 19:39:54,2026-06-15,Multibenefit Initiatives,4,2019
doi:10.1002/nafm.10201,10.1002/nafm.10201,Young K.,dwr,2026-06-15 19:40:17,2026-06-15,Flood Operations,1,2018
doi:10.1002/nafm.10529,10.1002/nafm.10529,Koohafkan M.,dwr,2026-06-15 19:40:36,2026-06-15,SWP - Integrated Science and Engineering,1,2021
doi:10.1002/nafm.10529,10.1002/nafm.10529,Sommer T.,dwr,2026-06-15 19:40:37,2026-06-15,SWP - Integrated Science and Engineering,1,2021
doi:10.1002/nafm.10529,10.1002/nafm.10529,Conrad J.L.,dwr,2026-06-15 19:40:38,2026-06-15,SWP - Integrated Science and Engineering,5,2021
doi:10.1002/nafm.10582,10.1002/nafm.10582,Schreier B.,dwr,2026-06-15 19:41:01,2026-06-15,SWP - Integrated Science and Engineering,1,2021
doi:10.1002/nafm.10582,10.1002/nafm.10582,Conrad J.L.,dwr,2026-06-15 19:41:02,2026-06-15,SWP - Integrated Science and Engineering,5,2021
doi:10.1002/nafm.10582,10.1002/nafm.10582,Baerwald M.,dwr,2026-06-15 19:41:02,2026-06-15,SWP - Integrated Science and Engineering,1,2021
doi:10.1002/rcm.8464,10.1002/rcm.8464,Davis B.E.,dwr,2026-06-15 19:41:21,2026-06-15,SWP - Integrated Science and Engineering,4,2019
doi:10.1002/rcm.8464,10.1002/rcm.8464,Conrad J.L.,dwr,2026-06-15 19:41:34,2026-06-15,SWP - Integrated Science and Engineering,2,2019
doi:10.1002/tafs.10028,10.1002/tafs.10028,Goertler P.,dwr,2026-06-15 19:41:51,2026-06-15,SWP - Integrated Science and Engineering,1,2018
doi:10.1002/tafs.10028,10.1002/tafs.10028,Jones K.,dwr,2026-06-15 19:41:52,2026-06-15,Executive,4,2018
doi:10.1002/tafs.10028,10.1002/tafs.10028,Schreier B.,dwr,2026-06-15 19:41:53,2026-06-15,SWP - Integrated Science and Engineering,1,2018
doi:10.1002/tafs.10028,10.1002/tafs.10028,Sommer T.,dwr,2026-06-15 19:41:53,2026-06-15,SWP - Integrated Science and Engineering,1,2018
doi:10.1002/tafs.10454,10.1002/tafs.10454,Brown S.,dwr,2026-06-15 19:42:08,2026-06-15,SWP - Integrated Science and Engineering,4,2024
doi:10.1002/vzj2.20369,10.1002/vzj2.20369,Sadeghi M.,dwr,2026-06-15 19:42:37,2026-06-15,Sustainable Groundwater Management,5,2024
doi:10.1002/vzj2.70030,10.1002/vzj2.70030,Sadeghi M.,dwr,2026-06-15 19:43:45,2026-06-15,Sustainable Groundwater Management,5,2025
doi:10.1002/wat2.70005,10.1002/wat2.70005,Preece E.P.,dwr,2026-06-15 19:43:59,2026-06-15,SWP - Delta Conveyance Office,1,2025
doi:10.1007/s00271-014-0445-1,10.1007/s00271-014-0445-1,Gautam R.,dwr,2026-06-15 19:45:28,2026-06-15,Flood Operations,1,2015
doi:10.1007/s00300-021-02923-3,10.1007/s00300-021-02923-3,Davis B.E.,dwr,2026-06-15 19:45:49,2026-06-15,SWP - Integrated Science and Engineering,3,2021
doi:10.1007/s00382-022-06422-x,10.1007/s00382-022-06422-x,Anderson M.L.,dwr,2026-06-15 19:46:10,2026-06-15,Flood Operations,4,2023
doi:10.1007/s10040-015-1283-9,10.1007/s10040-015-1283-9,Dogrul E.C.,dwr,2026-06-15 19:46:32,2026-06-15,SWP - Modeling Support Office,1,2015
doi:10.1007/s10040-015-1283-9,10.1007/s10040-015-1283-9,Brush C.F.,dwr,2026-06-15 19:46:32,2026-06-15,SWP - Modeling Support Office,1,2015
doi:10.1007/s10040-015-1283-9,10.1007/s10040-015-1283-9,Kadir T.N.,dwr,2026-06-15 19:46:33,2026-06-15,SWP - Modeling Support Office,1,2015
doi:10.1007/s10236-019-01333-8,10.1007/s10236-019-01333-8,Nam K.,dwr,2026-06-15 19:46:45,2026-06-15,SWP - Modeling Support Office,1,2020
doi:10.1007/s10236-019-01333-8,10.1007/s10236-019-01333-8,Ateljevich E.,dwr,2026-06-15 19:46:45,2026-06-15,SWP - Modeling Support Office,1,2020
doi:10.1007/s10530-019-02061-2,10.1007/s10530-019-02061-2,Conrad J.,dwr,2026-06-15 19:47:04,2026-06-15,SWP - Integrated Science and Engineering,2,2019
doi:10.1007/s10530-023-03013-7,10.1007/s10530-023-03013-7,Conrad J.L.,dwr,2026-06-15 19:47:19,2026-06-15,Executive,1,2023
doi:10.1007/s10530-025-03751-w,10.1007/s10530-025-03751-w,Nelson P.,dwr,2026-06-15 19:47:40,2026-06-15,SWP - Integrated Science and Engineering,1,2026
doi:10.1007/s10584-012-0639-6,10.1007/s10584-012-0639-6,Gautam M.,dwr,2026-06-15 19:47:56,2026-06-15,Flood Operations,1,2013
doi:10.1007/s10584-020-02655-z,10.1007/s10584-020-02655-z,He M.,dwr,2026-06-15 19:48:10,2026-06-15,SWP - Modeling Support Office,1,2020
doi:10.1007/s10584-020-02655-z,10.1007/s10584-020-02655-z,Correa M.,dwr,2026-06-15 19:48:10,2026-06-15,Planning,1,2020
doi:10.1007/s10584-021-03057-5,10.1007/s10584-021-03057-5,Anderson M.L.,dwr,2026-06-15 19:48:27,2026-06-15,Flood Operations,4,2021
doi:10.1007/s10584-021-03305-8,10.1007/s10584-021-03305-8,Ekstrom J.A.,dwr,2026-06-15 19:48:43,2026-06-15,Regional Assistance,1,2022
doi:10.1007/s10592-018-1048-9,10.1007/s10592-018-1048-9,Mahardja B.,dwr,2026-06-15 19:49:20,2026-06-15,SWP - Integrated Science and Engineering,2,2018
doi:10.1007/s10641-012-0077-3,10.1007/s10641-012-0077-3,Kurth R.,dwr,2026-06-15 19:49:31,2026-06-15,SWP - Integrated Science and Engineering,1,2013
doi:10.1007/s10641-013-0125-7,10.1007/s10641-013-0125-7,Conrad J.L.,dwr,2026-06-15 19:49:51,2026-06-15,SWP - Integrated Science and Engineering,1,2014
doi:10.1007/s10641-017-0631-0,10.1007/s10641-017-0631-0,Takata L.,dwr,2026-06-15 19:50:05,2026-06-15,SWP - Integrated Science and Engineering,1,2017
doi:10.1007/s10641-017-0631-0,10.1007/s10641-017-0631-0,Sommer T.,dwr,2026-06-15 19:50:06,2026-06-15,SWP - Integrated Science and Engineering,1,2017
doi:10.1007/s10641-017-0631-0,10.1007/s10641-017-0631-0,Louise Conrad J.,dwr,2026-06-15 19:50:06,2026-06-15,SWP - Integrated Science and Engineering,5,2017
doi:10.1007/s10641-017-0631-0,10.1007/s10641-017-0631-0,Schreier B.,dwr,2026-06-15 19:50:07,2026-06-15,SWP - Integrated Science and Engineering,1,2017
doi:10.1007/s10641-020-00974-9,10.1007/s10641-020-00974-9,Frantzich J.,dwr,2026-06-15 19:50:26,2026-06-15,North Central Region Office,1,2020
doi:10.1007/s10641-020-00974-9,10.1007/s10641-020-00974-9,Goertler P.,dwr,2026-06-15 19:50:27,2026-06-15,SWP - Integrated Science and Engineering,2,2020
doi:10.1007/s10641-020-00974-9,10.1007/s10641-020-00974-9,Sommer T.,dwr,2026-06-15 19:50:27,2026-06-15,SWP - Integrated Science and Engineering,1,2020
doi:10.1007/s10641-022-01273-1,10.1007/s10641-022-01273-1,Wang X.,dwr,2026-06-15 19:50:40,2026-06-15,SWP - Modeling Support Office,1,2022
doi:10.1007/s10661-023-12189-3,10.1007/s10661-023-12189-3,Ayana E.K.,dwr,2026-06-15 19:50:56,2026-06-15,Flood Operations,1,2024
doi:10.1007/s10750-013-1612-8,10.1007/s10750-013-1612-8,Marr K.,dwr,2026-06-15 19:51:58,2026-06-15,Multibenefit Initiatives,1,2013
doi:10.1007/s10750-013-1612-8,10.1007/s10750-013-1612-8,Lehman P.W.,dwr,2026-06-15 19:51:59,2026-06-15,SWP - Integrated Science and Engineering,1,2013
doi:10.1007/s10750-021-04738-z,10.1007/s10750-021-04738-z,Hartman R.,dwr,2026-06-15 19:52:19,2026-06-15,SWP - Integrated Science and Engineering,1,2022
doi:10.1007/s10750-021-04738-z,10.1007/s10750-021-04738-z,Lehman P.W.,dwr,2026-06-15 19:52:19,2026-06-15,SWP - Integrated Science and Engineering,1,2022
doi:10.1007/s10750-022-04886-w,10.1007/s10750-022-04886-w,Pien C.,dwr,2026-06-15 19:52:41,2026-06-15,SWP - Integrated Science and Engineering,1,2022
doi:10.1007/s10750-022-04886-w,10.1007/s10750-022-04886-w,Nelson M.,dwr,2026-06-15 19:52:41,2026-06-15,SWP - Integrated Science and Engineering,1,2022
doi:10.1007/s10750-022-04886-w,10.1007/s10750-022-04886-w,Hartman R.,dwr,2026-06-15 19:52:42,2026-06-15,SWP - Integrated Science and Engineering,1,2022
doi:10.1007/s10750-022-04886-w,10.1007/s10750-022-04886-w,Davis B.E.,dwr,2026-06-15 19:52:42,2026-06-15,SWP - Integrated Science and Engineering,1,2022
doi:10.1007/s11160-014-9359-5,10.1007/s11160-014-9359-5,Harvey B.N.,dwr,2026-06-15 19:53:00,2026-06-15,SWP - Integrated Science and Engineering,1,2015
doi:10.1007/s11269-015-1176-7,10.1007/s11269-015-1176-7,Orang M.,dwr,2026-06-15 19:53:14,2026-06-15,Multibenefit Initiatives,1,2016
doi:10.1007/s11269-016-1454-z,10.1007/s11269-016-1454-z,Gautam M.R.,dwr,2026-06-15 19:53:36,2026-06-15,Flood Operations,1,2016
doi:10.1007/s11273-017-9534-2,10.1007/s11273-017-9534-2,Sommer T.,dwr,2026-06-15 19:53:55,2026-06-15,SWP - Integrated Science and Engineering,1,2017
doi:10.1007/s11869-025-01871-9,10.1007/s11869-025-01871-9,Lin Y.,dwr,2026-06-15 19:54:10,2026-06-15,Salton Sea Restoration Office,1,2025
doi:10.1007/s12237-011-9459-6,10.1007/s12237-011-9459-6,Lehman P.W.,dwr,2026-06-15 19:54:32,2026-06-15,SWP - Integrated Science and Engineering,3,2012
doi:10.1007/s12237-014-9811-8,10.1007/s12237-014-9811-8,Lehman P.W.,dwr,2026-06-15 19:54:51,2026-06-15,SWP - Integrated Science and Engineering,1,2015
doi:10.1007/s12237-015-9987-6,10.1007/s12237-015-9987-6,Sommer T.,dwr,2026-06-15 19:55:01,2026-06-15,SWP - Integrated Science and Engineering,1,2016
doi:10.1007/s12237-020-00836-8,10.1007/s12237-020-00836-8,Grimaldo L.,dwr,2026-06-15 19:55:20,2026-06-15,Executive,3,2021
doi:10.1007/s12237-021-00896-4,10.1007/s12237-021-00896-4,Handley T.B.,dwr,2026-06-15 19:55:35,2026-06-15,North Central Region Office,1,2021
doi:10.1007/s12237-022-01079-5,10.1007/s12237-022-01079-5,Rasmussen N.,dwr,2026-06-15 19:55:51,2026-06-15,SWP - Integrated Science and Engineering,1,2022
doi:10.1007/s12237-022-01079-5,10.1007/s12237-022-01079-5,Green H.,dwr,2026-06-15 19:55:52,2026-06-15,SWP - Integrated Science and Engineering,2,2022
doi:10.1007/s12237-022-01079-5,10.1007/s12237-022-01079-5,Wright H.,dwr,2026-06-15 19:55:53,2026-06-15,SWP - Integrated Science and Engineering,5,2022
doi:10.1007/s12237-022-01080-y,10.1007/s12237-022-01080-y,Bedwell M.,dwr,2026-06-15 19:56:26,2026-06-15,SWP - Integrated Science and Engineering,5,2022
doi:10.1007/s12237-022-01080-y,10.1007/s12237-022-01080-y,Baerwald M.,dwr,2026-06-15 19:56:27,2026-06-15,SWP - Integrated Science and Engineering,1,2022
doi:10.1007/s12237-022-01080-y,10.1007/s12237-022-01080-y,Gille D.,dwr,2026-06-15 19:56:39,2026-06-15,SWP - Integrated Science and Engineering,1,2022
doi:10.1007/s12237-022-01142-1,10.1007/s12237-022-01142-1,Grimaldo L.F.,dwr,2026-06-15 19:57:11,2026-06-15,Executive,1,2023
doi:10.1007/s12237-023-01300-z,10.1007/s12237-023-01300-z,Stumpner E.,dwr,2026-06-15 19:57:31,2026-06-15,SWP - Integrated Science and Engineering,1,2024
doi:10.1007/s12237-024-01351-w,10.1007/s12237-024-01351-w,Grimaldo L.,dwr,2026-06-15 19:58:12,2026-06-15,Executive,1,2024
doi:10.1007/s12237-025-01567-4,10.1007/s12237-025-01567-4,Hartman R.,dwr,2026-06-15 19:58:57,2026-06-15,SWP - Integrated Science and Engineering,1,2025
doi:10.1007/s12237-025-01567-4,10.1007/s12237-025-01567-4,Burdi C.E.,dwr,2026-06-15 19:58:58,2026-06-15,SWP - Integrated Science and Engineering,1,2025
doi:10.1007/s12237-025-01567-4,10.1007/s12237-025-01567-4,Rasmussen N.L.,dwr,2026-06-15 19:58:58,2026-06-15,SWP - Integrated Science and Engineering,1,2025
doi:10.1007/s12237-025-01629-7,10.1007/s12237-025-01629-7,Richardson E.T.,dwr,2026-06-15 19:59:31,2026-06-15,SWP - Integrated Science and Engineering,1,2026
doi:10.1016/s2095-3119(12)60035-5,10.1016/S2095-3119(12)60035-5,Orang M.,dwr,2026-06-15 19:59:44,2026-06-15,Multibenefit Initiatives,3,2012
doi:10.1016/s2095-3119(13)60742-x,10.1016/S2095-3119(13)60742-X,Hayes S.,dwr,2026-06-15 19:59:58,2026-06-15,Multibenefit Initiatives,1,2013
doi:10.1016/s2095-3119(13)60742-x,10.1016/S2095-3119(13)60742-X,Eching S.,dwr,2026-06-15 19:59:58,2026-06-15,Multibenefit Initiatives,1,2013
doi:10.1016/s2095-3119(13)60742-x,10.1016/S2095-3119(13)60742-X,Orang M.,dwr,2026-06-15 19:59:59,2026-06-15,Multibenefit Initiatives,1,2013
doi:10.1016/j.advwatres.2021.103907,10.1016/j.advwatres.2021.103907,He M.,dwr,2026-06-15 20:00:12,2026-06-15,SWP - Modeling Support Office,1,2021
doi:10.1016/j.agrformet.2018.07.004,10.1016/j.agrformet.2018.07.004,Little C.,dwr,2026-06-15 20:00:26,2026-06-15,Multibenefit Initiatives,1,2018
doi:10.1016/j.agwat.2024.108764,10.1016/j.agwat.2024.108764,Sadeghi M.,dwr,2026-06-15 20:00:40,2026-06-15,Sustainable Groundwater Management,5,2024
doi:10.1016/j.anbehav.2020.04.013,10.1016/j.anbehav.2020.04.013,Feldheim C.L.,dwr,2026-06-15 20:00:51,2026-06-15,SWP - Integrated Science and Engineering,1,2020
doi:10.1016/j.anbehav.2021.07.019,10.1016/j.anbehav.2021.07.019,Davis B.E.,dwr,2026-06-15 20:01:08,2026-06-15,SWP - Integrated Science and Engineering,3,2021
doi:10.1016/j.aqrep.2024.102169,10.1016/j.aqrep.2024.102169,Baerwald M.R.,dwr,2026-06-15 20:01:26,2026-06-15,SWP - Integrated Science and Engineering,1,2024
doi:10.1016/j.aqrep.2024.102169,10.1016/j.aqrep.2024.102169,Davis B.E.,dwr,2026-06-15 20:01:26,2026-06-15,SWP - Integrated Science and Engineering,1,2024
doi:10.1016/j.cageo.2012.06.004,10.1016/j.cageo.2012.06.004,Dogrul E.C.,dwr,2026-06-15 20:01:39,2026-06-15,SWP - Modeling Support Office,3,2012
doi:10.1016/j.cageo.2012.06.004,10.1016/j.cageo.2012.06.004,Kadir T.N.,dwr,2026-06-15 20:01:39,2026-06-15,SWP - Modeling Support Office,3,2012
doi:10.1016/j.cageo.2012.06.004,10.1016/j.cageo.2012.06.004,Brush C.F.,dwr,2026-06-15 20:01:40,2026-06-15,SWP - Modeling Support Office,3,2012
doi:10.1016/j.cageo.2012.06.004,10.1016/j.cageo.2012.06.004,Chung F.I.,dwr,2026-06-15 20:01:40,2026-06-15,SWP - Modeling Support Office,3,2012
doi:10.1016/j.cliser.2024.100485,10.1016/j.cliser.2024.100485,Maendly R.,dwr,2026-06-15 20:01:53,2026-06-15,Executive,1,2024
doi:10.1016/j.cliser.2024.100485,10.1016/j.cliser.2024.100485,Schwarz A.,dwr,2026-06-15 20:01:53,2026-06-15,Executive,1,2024
doi:10.1016/j.cliser.2024.100485,10.1016/j.cliser.2024.100485,Arnold W.,dwr,2026-06-15 20:01:54,2026-06-15,Planning,1,2024
doi:10.1016/j.cliser.2024.100485,10.1016/j.cliser.2024.100485,Perez A.J.,dwr,2026-06-15 20:01:55,2026-06-15,Planning,4,2024
doi:10.1016/j.cliser.2024.100489,10.1016/j.cliser.2024.100489,Perez A.J.,dwr,2026-06-15 20:02:09,2026-06-15,Planning,4,2024
doi:10.1016/j.cliser.2024.100489,10.1016/j.cliser.2024.100489,Arnold W.,dwr,2026-06-15 20:02:10,2026-06-15,Planning,1,2024
doi:10.1016/j.cliser.2024.100489,10.1016/j.cliser.2024.100489,Schwarz A.,dwr,2026-06-15 20:02:10,2026-06-15,Executive,1,2024
doi:10.1016/j.cliser.2024.100489,10.1016/j.cliser.2024.100489,Maendly R.,dwr,2026-06-15 20:02:11,2026-06-15,Executive,1,2024
doi:10.1016/j.crsus.2024.100082,10.1016/j.crsus.2024.100082,Canfield S.,dwr,2026-06-15 20:02:44,2026-06-15,SWP - Integrated Science and Engineering,1,2024
doi:10.1016/j.desal.2013.01.010,10.1016/j.desal.2013.01.010,Faria J.I.,dwr,2026-06-15 20:03:01,2026-06-15,South Central Region Office,1,2013
doi:10.1016/j.ecolind.2025.113460,10.1016/j.ecolind.2025.113460,Henderson A.,dwr,2026-06-15 20:03:14,2026-06-15,Northern Region Office,1,2025
doi:10.1016/j.ecss.2022.107988,10.1016/j.ecss.2022.107988,Lehman P.,dwr,2026-06-15 20:03:22,2026-06-15,SWP - Integrated Science and Engineering,1,2022
doi:10.1016/j.ecss.2023.108391,10.1016/j.ecss.2023.108391,Ateljevich E.S.,dwr,2026-06-15 20:03:36,2026-06-15,SWP - Modeling Support Office,1,2023
doi:10.1016/j.ejrh.2023.101601,10.1016/j.ejrh.2023.101601,Anderson M.,dwr,2026-06-15 20:03:59,2026-06-15,Flood Operations,4,2023
doi:10.1016/j.ejrh.2025.102339,10.1016/j.ejrh.2025.102339,He M.,dwr,2026-06-15 20:04:15,2026-06-15,SWP - Modeling Support Office,1,2025
doi:10.1016/j.ejrh.2025.102339,10.1016/j.ejrh.2025.102339,Namadi P.,dwr,2026-06-15 20:04:15,2026-06-15,SWP - Modeling Support Office,1,2025
doi:10.1016/j.ejrh.2025.102339,10.1016/j.ejrh.2025.102339,Sandhu P.,dwr,2026-06-15 20:04:16,2026-06-15,SWP - Modeling Support Office,1,2025
doi:10.1016/j.ejrh.2025.102339,10.1016/j.ejrh.2025.102339,Kadir T.,dwr,2026-06-15 20:04:17,2026-06-15,SWP - Modeling Support Office,2,2025
doi:10.1016/j.envpol.2020.115808,10.1016/j.envpol.2020.115808,Feldheim C.L.,dwr,2026-06-15 20:04:27,2026-06-15,SWP - Integrated Science and Engineering,1,2021
doi:10.1016/j.envpol.2025.126731,10.1016/j.envpol.2025.126731,Preece E.P.,dwr,2026-06-15 20:04:37,2026-06-15,SWP - Delta Conveyance Office,1,2025
doi:10.1016/j.envsoft.2015.12.006,10.1016/j.envsoft.2015.12.006,Dogrul E.C.,dwr,2026-06-15 20:04:48,2026-06-15,SWP - Modeling Support Office,1,2016
doi:10.1016/j.envsoft.2015.12.006,10.1016/j.envsoft.2015.12.006,Kadir T.N.,dwr,2026-06-15 20:04:49,2026-06-15,SWP - Modeling Support Office,1,2016
doi:10.1016/j.envsoft.2015.12.006,10.1016/j.envsoft.2015.12.006,Brush C.F.,dwr,2026-06-15 20:04:49,2026-06-15,SWP - Modeling Support Office,1,2016
doi:10.1016/j.envsoft.2015.12.006,10.1016/j.envsoft.2015.12.006,Chung F.I.,dwr,2026-06-15 20:04:50,2026-06-15,SWP - Modeling Support Office,1,2016
doi:10.1016/j.gloenvcha.2020.102074,10.1016/j.gloenvcha.2020.102074,Ekstrom J.A.,dwr,2026-06-15 20:05:04,2026-06-15,Regional Assistance,1,2020
doi:10.1016/j.gloplacha.2013.07.004,10.1016/j.gloplacha.2013.07.004,Gautam M.R.,dwr,2026-06-15 20:05:13,2026-06-15,Flood Operations,1,2013
doi:10.1016/j.gloplacha.2016.05.001,10.1016/j.gloplacha.2016.05.001,Gautam M.R.,dwr,2026-06-15 20:05:25,2026-06-15,Flood Operations,1,2016
doi:10.1016/j.hal.2017.01.011,10.1016/j.hal.2017.01.011,Lesmeister S.,dwr,2026-06-15 20:05:45,2026-06-15,SWP - Integrated Science and Engineering,1,2017
doi:10.1016/j.hal.2017.01.011,10.1016/j.hal.2017.01.011,Tung A.,dwr,2026-06-15 20:05:46,2026-06-15,North Central Region Office,1,2017
doi:10.1016/j.hal.2024.102682,10.1016/j.hal.2024.102682,Hartman R.,dwr,2026-06-15 20:06:03,2026-06-15,SWP - Integrated Science and Engineering,1,2024
doi:10.1016/j.hal.2024.102682,10.1016/j.hal.2024.102682,Preece E.P.,dwr,2026-06-15 20:06:04,2026-06-15,SWP - Integrated Science and Engineering,1,2024
doi:10.1016/j.hal.2025.102807,10.1016/j.hal.2025.102807,Preece E.P.,dwr,2026-06-15 20:06:17,2026-06-15,SWP - Delta Conveyance Office,1,2025
doi:10.1016/j.jembe.2025.152107,10.1016/j.jembe.2025.152107,Idrisi N.,dwr,2026-06-15 20:06:29,2026-06-15,Regional Assistance,5,2025
doi:10.1016/j.jenvman.2021.113170,10.1016/j.jenvman.2021.113170,Feldheim C.L.,dwr,2026-06-15 20:06:41,2026-06-15,SWP - Integrated Science and Engineering,1,2021
doi:10.1016/j.jenvman.2023.119606,10.1016/j.jenvman.2023.119606,Preece E.P.,dwr,2026-06-15 20:07:08,2026-06-15,SWP - Integrated Science and Engineering,1,2024
doi:10.1016/j.jenvman.2026.129539,10.1016/j.jenvman.2026.129539,Saha G.K.,dwr,2026-06-15 20:07:30,2026-06-15,SWP - Modeling Support Office,1,2026
doi:10.1016/j.jhydrol.2012.01.034,10.1016/j.jhydrol.2012.01.034,Huang G.,dwr,2026-06-15 20:07:42,2026-06-15,SWP - Modeling Support Office,3,2012
doi:10.1016/j.jhydrol.2012.01.034,10.1016/j.jhydrol.2012.01.034,Kadir T.,dwr,2026-06-15 20:07:42,2026-06-15,SWP - Modeling Support Office,3,2012
doi:10.1016/j.jhydrol.2012.01.034,10.1016/j.jhydrol.2012.01.034,Chung F.,dwr,2026-06-15 20:07:42,2026-06-15,SWP - Modeling Support Office,3,2012
doi:10.1016/j.jhydrol.2014.07.008,10.1016/j.jhydrol.2014.07.008,He M.,dwr,2026-06-15 20:07:54,2026-06-15,Flood Operations,1,2014
doi:10.1016/j.jhydrol.2016.10.008,10.1016/j.jhydrol.2016.10.008,Chen Z.Q.,dwr,2026-06-15 20:08:12,2026-06-15,SWP - Modeling Support Office,4,2018
doi:10.1016/j.jhydrol.2016.10.008,10.1016/j.jhydrol.2016.10.008,Anderson M.L.,dwr,2026-06-15 20:08:12,2026-06-15,Flood Operations,4,2018
doi:10.1016/j.jhydrol.2021.126445,10.1016/j.jhydrol.2021.126445,Anderson M.L.,dwr,2026-06-15 20:08:28,2026-06-15,Flood Operations,4,2021
doi:10.1016/j.jhydrol.2022.127999,10.1016/j.jhydrol.2022.127999,Dogrul E.C.,dwr,2026-06-15 20:08:39,2026-06-15,SWP - Modeling Support Office,1,2022
doi:10.1016/j.jhydrol.2022.127999,10.1016/j.jhydrol.2022.127999,Bandara U.,dwr,2026-06-15 20:08:39,2026-06-15,Sustainable Groundwater Management,1,2022
doi:10.1016/j.jhydrol.2022.127999,10.1016/j.jhydrol.2022.127999,Huang G.,dwr,2026-06-15 20:08:40,2026-06-15,Sustainable Groundwater Management,1,2022
doi:10.1016/j.jhydrol.2022.127999,10.1016/j.jhydrol.2022.127999,Sadeghi M.,dwr,2026-06-15 20:08:41,2026-06-15,Sustainable Groundwater Management,5,2022
doi:10.1016/j.jhydrol.2022.127999,10.1016/j.jhydrol.2022.127999,Hatch T.,dwr,2026-06-15 20:08:42,2026-06-15,Sustainable Groundwater Management,1,2022
doi:10.1016/j.jhydrol.2022.128653,10.1016/j.jhydrol.2022.128653,Sadeghi M.,dwr,2026-06-15 20:08:54,2026-06-15,Sustainable Groundwater Management,5,2022
doi:10.1016/j.jhydrol.2022.128835,10.1016/j.jhydrol.2022.128835,Anderson M.,dwr,2026-06-15 20:09:04,2026-06-15,Flood Operations,4,2023
doi:10.1016/j.jhydrol.2023.130284,10.1016/j.jhydrol.2023.130284,Sadeghi M.,dwr,2026-06-15 20:09:21,2026-06-15,Sustainable Groundwater Management,5,2023
doi:10.1016/j.jhydrol.2024.131132,10.1016/j.jhydrol.2024.131132,Sadeghi M.,dwr,2026-06-15 20:09:34,2026-06-15,Sustainable Groundwater Management,5,2024
doi:10.1016/j.jhydrol.2025.133692,10.1016/j.jhydrol.2025.133692,Sadeghi M.,dwr,2026-06-15 20:09:46,2026-06-15,Sustainable Groundwater Management,5,2025
doi:10.1016/j.jhydrol.2026.135467,10.1016/j.jhydrol.2026.135467,Sadeghi M.,dwr,2026-06-15 20:10:01,2026-06-15,Sustainable Groundwater Management,5,2026
doi:10.1016/j.jhydrol.2026.135467,10.1016/j.jhydrol.2026.135467,Huang G.,dwr,2026-06-15 20:10:07,2026-06-15,Sustainable Groundwater Management,1,2026
doi:10.1016/j.jhydrol.2026.135467,10.1016/j.jhydrol.2026.135467,Liang L.,dwr,2026-06-15 20:10:08,2026-06-15,Sustainable Groundwater Management,1,2026
doi:10.1016/j.jhydrol.2026.135467,10.1016/j.jhydrol.2026.135467,Bandara U.,dwr,2026-06-15 20:10:09,2026-06-15,Sustainable Groundwater Management,1,2026
doi:10.1016/j.jhydrol.2026.135467,10.1016/j.jhydrol.2026.135467,Altare C.R.,dwr,2026-06-15 20:10:09,2026-06-15,Sustainable Groundwater Management,1,2026
doi:10.1016/j.jhydrol.2026.135467,10.1016/j.jhydrol.2026.135467,Dogrul E.C.,dwr,2026-06-15 20:10:16,2026-06-15,SWP - Modeling Support Office,1,2026
doi:10.1016/j.marpolbul.2024.116585,10.1016/j.marpolbul.2024.116585,Preece E.P.,dwr,2026-06-15 20:10:29,2026-06-15,SWP - Integrated Science and Engineering,1,2024
doi:10.1016/j.pce.2022.103205,10.1016/j.pce.2022.103205,Mubako S.,dwr,2026-06-15 20:10:40,2026-06-15,Regional Assistance,1,2022
doi:10.1016/j.quaint.2019.12.003,10.1016/j.quaint.2019.12.003,Lehman P.W.,dwr,2026-06-15 20:10:48,2026-06-15,SWP - Integrated Science and Engineering,1,2022
doi:10.1016/j.rse.2016.04.012,10.1016/j.rse.2016.04.012,Dudas J.,dwr,2026-06-15 20:11:04,2026-06-15,Multibenefit Initiatives,1,2016
doi:10.1016/j.rse.2016.06.018,10.1016/j.rse.2016.06.018,Gehrke F.,dwr,2026-06-15 20:11:21,2026-06-15,Flood Operations,1,2016
doi:10.1016/j.rse.2021.112627,10.1016/j.rse.2021.112627,Sadeghi M.,dwr,2026-06-15 20:11:36,2026-06-15,Sustainable Groundwater Management,5,2021
doi:10.1016/j.rse.2022.113344,10.1016/j.rse.2022.113344,Sadeghi M.,dwr,2026-06-15 20:11:53,2026-06-15,Sustainable Groundwater Management,5,2023
doi:10.1016/j.scitotenv.2016.10.009,10.1016/j.scitotenv.2016.10.009,Chen Z.Q.,dwr,2026-06-15 20:12:09,2026-06-15,SWP - Modeling Support Office,4,2017
doi:10.1016/j.scitotenv.2017.07.267,10.1016/j.scitotenv.2017.07.267,Lesmeister S.,dwr,2026-06-15 20:12:23,2026-06-15,SWP - Integrated Science and Engineering,1,2018
doi:10.1016/j.scitotenv.2018.01.004,10.1016/j.scitotenv.2018.01.004,Anderson M.L.,dwr,2026-06-15 20:12:41,2026-06-15,Flood Operations,4,2018
doi:10.1016/j.scitotenv.2018.02.267,10.1016/j.scitotenv.2018.02.267,Chen Z.Q.,dwr,2026-06-15 20:12:53,2026-06-15,SWP - Modeling Support Office,4,2018
doi:10.1016/j.scitotenv.2018.02.267,10.1016/j.scitotenv.2018.02.267,Anderson M.L.,dwr,2026-06-15 20:12:54,2026-06-15,Flood Operations,4,2018
doi:10.1016/j.scitotenv.2018.07.250,10.1016/j.scitotenv.2018.07.250,Anderson M.L.,dwr,2026-06-15 20:13:10,2026-06-15,Flood Operations,4,2018
doi:10.1016/j.scitotenv.2019.05.255,10.1016/j.scitotenv.2019.05.255,Anderson M.L.,dwr,2026-06-15 20:13:26,2026-06-15,Flood Operations,4,2019
doi:10.1016/j.scitotenv.2019.134639,10.1016/j.scitotenv.2019.134639,Janes M.K.,dwr,2026-06-15 20:13:47,2026-06-15,North Central Region Office,1,2020
doi:10.1016/j.scitotenv.2020.140117,10.1016/j.scitotenv.2020.140117,Nosacka J.,dwr,2026-06-15 20:14:03,2026-06-15,Flood Operations,1,2020
doi:10.1016/j.scitotenv.2020.140117,10.1016/j.scitotenv.2020.140117,Brown K.,dwr,2026-06-15 20:14:04,2026-06-15,Flood Operations,1,2020
doi:10.1016/j.scitotenv.2020.143429,10.1016/j.scitotenv.2020.143429,Kadir T.,dwr,2026-06-15 20:14:17,2026-06-15,SWP - Modeling Support Office,1,2021
doi:10.1016/j.scitotenv.2020.143429,10.1016/j.scitotenv.2020.143429,Huang G.,dwr,2026-06-15 20:14:18,2026-06-15,SWP - Modeling Support Office,1,2021
doi:10.1016/j.scitotenv.2023.165864,10.1016/j.scitotenv.2023.165864,Bosworth D.,dwr,2026-06-15 20:14:29,2026-06-15,SWP - Integrated Science and Engineering,1,2023
doi:10.1016/j.scitotenv.2023.165864,10.1016/j.scitotenv.2023.165864,DiGiorgio C.,dwr,2026-06-15 20:14:29,2026-06-15,SWP - Integrated Science and Engineering,5,2023
doi:10.1016/j.scitotenv.2024.174250,10.1016/j.scitotenv.2024.174250,Preece E.P.,dwr,2026-06-15 20:14:47,2026-06-15,SWP - Integrated Science and Engineering,1,2024
doi:10.1016/j.scitotenv.2024.177499,10.1016/j.scitotenv.2024.177499,Preece E.P.,dwr,2026-06-15 20:15:00,2026-06-15,SWP - Integrated Science and Engineering,1,2024
doi:10.1016/j.scitotenv.2024.178138,10.1016/j.scitotenv.2024.178138,Rasmussen N.L.,dwr,2026-06-15 20:15:11,2026-06-15,SWP - Integrated Science and Engineering,1,2025
doi:10.1016/j.srs.2023.100105,10.1016/j.srs.2023.100105,Sadeghi M.,dwr,2026-06-15 20:15:35,2026-06-15,Sustainable Groundwater Management,5,2023
doi:10.1016/j.srs.2023.100105,10.1016/j.srs.2023.100105,Bandara U.,dwr,2026-06-15 20:15:36,2026-06-15,Sustainable Groundwater Management,1,2023
doi:10.1016/j.srs.2023.100105,10.1016/j.srs.2023.100105,Liang L.,dwr,2026-06-15 20:15:36,2026-06-15,Sustainable Groundwater Management,1,2023
doi:10.1016/j.wace.2022.100433,10.1016/j.wace.2022.100433,Mallakpour I.,dwr,2026-06-15 20:15:58,2026-06-15,Planning,1,2022
doi:10.1016/j.wasec.2022.100132,10.1016/j.wasec.2022.100132,Maendly R.,dwr,2026-06-15 20:16:19,2026-06-15,Planning,1,2023
doi:10.1016/j.watres.2013.02.013,10.1016/j.watres.2013.02.013,Lara D.,dwr,2026-06-15 20:16:35,2026-06-15,South Central Region Office,4,2013
doi:10.1016/j.watres.2013.02.013,10.1016/j.watres.2013.02.013,Cooper J.,dwr,2026-06-15 20:16:36,2026-06-15,Flood Operations,1,2013
doi:10.1016/j.watres.2013.02.013,10.1016/j.watres.2013.02.013,Faria J.,dwr,2026-06-15 20:16:37,2026-06-15,South Central Region Office,1,2013
doi:10.1016/j.watres.2025.124673,10.1016/j.watres.2025.124673,Khorasani H.,dwr,2026-06-15 20:16:48,2026-06-15,Flood Operations,1,2026
doi:10.1016/j.yqres.2014.12.007,10.1016/j.yqres.2014.12.007,Pagenkopp M.,dwr,2026-06-15 20:17:04,2026-06-15,SWP - Engineering,1,2015
doi:10.1017/cmn.2024.42,10.1017/cmn.2024.42,Perry S.,dwr,2026-06-15 20:17:20,2026-06-15,SWP - Integrated Science and Engineering,1,2025
doi:10.1021/acs.est.1c02837,10.1021/acs.est.1c02837,Sommer T.R.,dwr,2026-06-15 20:17:40,2026-06-15,SWP - Integrated Science and Engineering,2,2022
doi:10.1029/2020ea001129,10.1029/2020EA001129,Anderson M.L.,dwr,2026-06-15 20:19:02,2026-06-15,Flood Operations,4,2020
doi:10.1029/2021wr029954,10.1029/2021WR029954,Anderson M.,dwr,2026-06-15 20:19:25,2026-06-15,Flood Operations,4,2022
doi:10.1029/2022jd037360,10.1029/2022JD037360,Anderson M.L.,dwr,2026-06-15 20:19:48,2026-06-15,Flood Operations,4,2023
doi:10.1029/2022wr033433,10.1029/2022WR033433,Chen Z.Q.,dwr,2026-06-15 20:20:06,2026-06-15,SWP - Modeling Support Office,4,2022
doi:10.1029/2023wr036649,10.1029/2023WR036649,Maendly R.,dwr,2026-06-15 20:20:21,2026-06-15,Executive,1,2024
doi:10.1029/2023wr036649,10.1029/2023WR036649,Arnold W.,dwr,2026-06-15 20:20:22,2026-06-15,Planning,1,2024
doi:10.1029/2024gl110326,10.1029/2024GL110326,Anderson M.,dwr,2026-06-15 20:20:46,2026-06-15,Executive,4,2024
doi:10.1038/s41467-026-69286-3,10.1038/s41467-026-69286-3,Anderson M.L.,dwr,2026-06-15 20:21:21,2026-06-15,Executive,4,2026
doi:10.1038/s41586-023-06959-9,10.1038/s41586-023-06959-9,Murai L.,dwr,2026-06-15 20:21:42,2026-06-15,North Central Region Office,1,2024
doi:10.1038/s41598-020-80517-5,10.1038/s41598-020-80517-5,Goertler P.,dwr,2026-06-15 20:22:00,2026-06-15,SWP - Integrated Science and Engineering,5,2021
doi:10.1038/s41598-020-80517-5,10.1038/s41598-020-80517-5,Sommer T.,dwr,2026-06-15 20:22:01,2026-06-15,SWP - Integrated Science and Engineering,1,2021
doi:10.1038/s41598-025-15932-7,10.1038/s41598-025-15932-7,Anderson M.L.,dwr,2026-06-15 20:23:00,2026-06-15,Executive,4,2025
doi:10.1061/(asce)gt.1943-5606.0002663,10.1061/(ASCE)GT.1943-5606.0002663,Friesen S.J.,dwr,2026-06-15 20:23:18,2026-06-15,SWP - Engineering,1,2022
doi:10.1061/(asce)hy.1943-7900.0001982,10.1061/(ASCE)HY.1943-7900.0001982,Kim H.S.,dwr,2026-06-15 20:23:33,2026-06-15,SWP - Modeling Support Office,1,2022
doi:10.1061/(asce)wr.1943-5452.0000402,10.1061/(ASCE)WR.1943-5452.0000402,Ejeta M.Z.,dwr,2026-06-15 20:23:44,2026-06-15,SWP - Modeling Support Office,1,2014
doi:10.1061/jidedh.ireng-10491,10.1061/JIDEDH.IRENG-10491,Trezza R.,dwr,2026-06-15 20:24:18,2026-06-15,Regional Assistance,1,2025
doi:10.1071/mf15285,10.1071/MF15285,Reeves R.,dwr,2026-06-15 20:24:42,2026-06-15,SWP - Modeling Support Office,1,2017
doi:10.1071/wr19028,10.1071/WR19028,Feldheim C.,dwr,2026-06-15 20:24:58,2026-06-15,SWP - Integrated Science and Engineering,1,2019
doi:10.1073/pnas.2426011122,10.1073/pnas.2426011122,Kindopp J.,dwr,2026-06-15 20:25:35,2026-06-15,SWP - Integrated Science and Engineering,1,2025
doi:10.1080/00028487.2012.717521,10.1080/00028487.2012.717521,Schreier B.M.,dwr,2026-06-15 20:26:20,2026-06-15,SWP - Integrated Science and Engineering,3,2012
doi:10.1080/00028487.2015.1114521,10.1080/00028487.2015.1114521,Conrad J.L.,dwr,2026-06-15 20:26:40,2026-06-15,SWP - Integrated Science and Engineering,1,2016
doi:10.1080/00028487.2016.1152299,10.1080/00028487.2016.1152299,Conrad J.L.,dwr,2026-06-15 20:33:07,2026-06-15,SWP - Integrated Science and Engineering,1,2016
doi:10.1080/00028487.2016.1152299,10.1080/00028487.2016.1152299,Schreier B.M.,dwr,2026-06-15 20:33:07,2026-06-15,SWP - Integrated Science and Engineering,1,2016
doi:10.1080/01431161.2018.1465613,10.1080/01431161.2018.1465613,Zhong L.,dwr,2026-06-15 20:33:23,2026-06-15,SWP - Modeling Support Office,1,2018
doi:10.1080/01431161.2018.1512769,10.1080/01431161.2018.1512769,Zhong L.,dwr,2026-06-15 20:33:50,2026-06-15,SWP - Modeling Support Office,2,2019
doi:10.1080/02626667.2016.1161765,10.1080/02626667.2016.1161765,Kadir T.N.,dwr,2026-06-15 20:34:00,2026-06-15,SWP - Modeling Support Office,1,2016
doi:10.1080/02626667.2016.1161765,10.1080/02626667.2016.1161765,Dogrul E.C.,dwr,2026-06-15 20:34:00,2026-06-15,SWP - Modeling Support Office,1,2016
doi:10.1080/02626667.2024.2364714,10.1080/02626667.2024.2364714,Abudu S.,dwr,2026-06-15 20:34:15,2026-06-15,SWP - Modeling Support Office,1,2024
doi:10.1080/02626667.2024.2364714,10.1080/02626667.2024.2364714,Kadir T.,dwr,2026-06-15 20:34:15,2026-06-15,SWP - Modeling Support Office,1,2024
doi:10.1080/02755947.2014.951804,10.1080/02755947.2014.951804,Harvey B.N.,dwr,2026-06-15 20:34:28,2026-06-15,SWP - Integrated Science and Engineering,1,2014
doi:10.1080/02755947.2015.1111276,10.1080/02755947.2015.1111276,Conrad J.,dwr,2026-06-15 20:34:46,2026-06-15,SWP - Integrated Science and Engineering,1,2016
doi:10.1080/02755947.2015.1111276,10.1080/02755947.2015.1111276,Takata L.,dwr,2026-06-15 20:34:47,2026-06-15,SWP - Integrated Science and Engineering,1,2016
doi:10.1080/02755947.2015.1111276,10.1080/02755947.2015.1111276,Ikemiyagi N.,dwr,2026-06-15 20:34:47,2026-06-15,SWP - Integrated Science and Engineering,1,2016
doi:10.1080/02755947.2015.1111276,10.1080/02755947.2015.1111276,Sommer T.,dwr,2026-06-15 20:34:47,2026-06-15,SWP - Integrated Science and Engineering,1,2016
doi:10.1080/02755947.2017.1290720,10.1080/02755947.2017.1290720,Afentoulis V.B.,dwr,2026-06-15 20:35:04,2026-06-15,SWP - Modeling Support Office,1,2017
doi:10.1080/02755947.2017.1290720,10.1080/02755947.2017.1290720,Yip C.J.,dwr,2026-06-15 20:35:05,2026-06-15,SWP - Modeling Support Office,1,2017
doi:10.1080/02755947.2017.1290720,10.1080/02755947.2017.1290720,Johnson M.N.,dwr,2026-06-15 20:35:05,2026-06-15,SWP - Modeling Support Office,4,2017
doi:10.1080/02755947.2017.1290720,10.1080/02755947.2017.1290720,Schultz A.A.,dwr,2026-06-15 20:35:12,2026-06-15,Unknown,5,2017
doi:10.1080/02755947.2017.1350223,10.1080/02755947.2017.1350223,Beckwith R.,dwr,2026-06-15 20:35:25,2026-06-15,Multibenefit Initiatives,1,2017
doi:10.1080/09593330.2021.1916092,10.1080/09593330.2021.1916092,Flynn T.M.,dwr,2026-06-15 20:35:42,2026-06-15,SWP - Integrated Science and Engineering,1,2022
doi:10.1080/10934529.2019.1672458,10.1080/10934529.2019.1672458,Lehman P.W.,dwr,2026-06-15 20:36:06,2026-06-15,SWP - Integrated Science and Engineering,1,2020
doi:10.1080/2150704x.2017.1322732,10.1080/2150704X.2017.1322732,Zhong L.,dwr,2026-06-15 20:37:02,2026-06-15,SWP - Modeling Support Office,1,2017
doi:10.1093/conphys/coaa098,10.1093/conphys/coaa098,Baerwald M.R.,dwr,2026-06-15 20:37:28,2026-06-15,SWP - Integrated Science and Engineering,1,2020
doi:10.1093/conphys/coab102,10.1093/conphys/coab102,Baerwald M.R.,dwr,2026-06-15 20:37:47,2026-06-15,SWP - Integrated Science and Engineering,1,2022
doi:10.1093/conphys/coae088,10.1093/conphys/coae088,Davis B.E.,dwr,2026-06-15 20:38:05,2026-06-15,SWP - Integrated Science and Engineering,1,2024
doi:10.1093/conphys/coae088,10.1093/conphys/coae088,Kwan N.,dwr,2026-06-15 20:38:06,2026-06-15,SWP - Integrated Science and Engineering,1,2024
doi:10.1093/conphys/coae088,10.1093/conphys/coae088,Pien C.,dwr,2026-06-15 20:38:13,2026-06-15,SWP - Integrated Science and Engineering,5,2024
doi:10.1093/conphys/coae088,10.1093/conphys/coae088,Hartman R.,dwr,2026-06-15 20:38:21,2026-06-15,SWP - Integrated Science and Engineering,1,2024
doi:10.1093/conphys/coae088,10.1093/conphys/coae088,Baerwald M.R.,dwr,2026-06-15 20:38:22,2026-06-15,SWP - Integrated Science and Engineering,1,2024
doi:10.1093/conphys/coae088,10.1093/conphys/coae088,Schreier B.,dwr,2026-06-15 20:38:22,2026-06-15,SWP - Integrated Science and Engineering,1,2024
doi:10.1093/conphys/coae088,10.1093/conphys/coae088,Gille D.,dwr,2026-06-15 20:38:23,2026-06-15,SWP - Integrated Science and Engineering,1,2024
doi:10.1093/conphys/coy076,10.1093/conphys/coy076,Davis B.E.,dwr,2026-06-15 20:38:48,2026-06-15,SWP - Integrated Science and Engineering,4,2019
doi:10.1093/conphys/coy076,10.1093/conphys/coy076,Sommer T.,dwr,2026-06-15 20:38:49,2026-06-15,SWP - Integrated Science and Engineering,1,2019
doi:10.1093/conphys/coy078,10.1093/conphys/coy078,Davis B.E.,dwr,2026-06-15 20:39:05,2026-06-15,SWP - Integrated Science and Engineering,4,2019
doi:10.1093/conphys/coz035,10.1093/conphys/coz035,Seesholtz A.,dwr,2026-06-15 20:39:27,2026-06-15,SWP - Integrated Science and Engineering,1,2019
doi:10.1093/jhered/esy035,10.1093/jhered/esy035,Mahardja B.,dwr,2026-06-15 20:39:48,2026-06-15,SWP - Integrated Science and Engineering,2,2018
doi:10.1093/najfmt/vqaf004,10.1093/najfmt/vqaf004,Trombley S.N.,dwr,2026-06-15 20:41:20,2026-06-15,SWP - Integrated Science and Engineering,5,2025
doi:10.1093/najfmt/vqaf004,10.1093/najfmt/vqaf004,Fiske A.,dwr,2026-06-15 20:41:26,2026-06-15,SWP - Integrated Science and Engineering,5,2025
doi:10.1093/najfmt/vqaf004,10.1093/najfmt/vqaf004,Brown S.,dwr,2026-06-15 20:41:37,2026-06-15,SWP - Integrated Science and Engineering,4,2025
doi:10.1093/najfmt/vqaf004,10.1093/najfmt/vqaf004,Gille D.A.,dwr,2026-06-15 20:41:38,2026-06-15,SWP - Integrated Science and Engineering,1,2025
doi:10.1093/najfmt/vqaf004,10.1093/najfmt/vqaf004,Schreier B.M.,dwr,2026-06-15 20:41:38,2026-06-15,SWP - Integrated Science and Engineering,1,2025
doi:10.1093/najfmt/vqaf004,10.1093/najfmt/vqaf004,Baerwald M.R.,dwr,2026-06-15 20:41:39,2026-06-15,SWP - Integrated Science and Engineering,1,2025
doi:10.1093/plankt/fbz064,10.1093/plankt/fbz064,Frantzich J.,dwr,2026-06-15 20:41:54,2026-06-15,North Central Region Office,1,2019
doi:10.1109/jstars.2012.2214474,10.1109/JSTARS.2012.2214474,Temesgen B.,dwr,2026-06-15 20:42:21,2026-06-15,Multibenefit Initiatives,3,2012
doi:10.1109/jstars.2012.2214474,10.1109/JSTARS.2012.2214474,Frame K.,dwr,2026-06-15 20:42:22,2026-06-15,Multibenefit Initiatives,3,2012
doi:10.1111/1365-2664.13845,10.1111/1365-2664.13845,Feldheim C.L.,dwr,2026-06-15 20:43:07,2026-06-15,SWP - Integrated Science and Engineering,1,2021
doi:10.1111/1462-2920.16241,10.1111/1462-2920.16241,Flynn T.M.,dwr,2026-06-15 20:44:01,2026-06-15,SWP - Integrated Science and Engineering,1,2022
doi:10.1111/1752-1688.12917,10.1111/1752-1688.12917,Sommer T.,dwr,2026-06-15 20:44:36,2026-06-15,SWP - Integrated Science and Engineering,1,2021
doi:10.1111/1752-1688.12942,10.1111/1752-1688.12942,Jones J.,dwr,2026-06-15 20:44:50,2026-06-15,Executive,1,2022
doi:10.1111/1752-1688.13141,10.1111/1752-1688.13141,Ali A.A.,dwr,2026-06-15 20:45:05,2026-06-15,SWP - Engineering,4,2023
doi:10.1111/1752-1688.13186,10.1111/1752-1688.13186,Hassan D.,dwr,2026-06-15 20:45:24,2026-06-15,SWP - Operations and Maintenance,1,2024
doi:10.1111/1755-0998.12305,10.1111/1755-0998.12305,Conrad J.L.,dwr,2026-06-15 20:45:39,2026-06-15,SWP - Integrated Science and Engineering,1,2015
doi:10.1111/1755-0998.12305,10.1111/1755-0998.12305,Schreier B.M.,dwr,2026-06-15 20:45:39,2026-06-15,SWP - Integrated Science and Engineering,1,2015
doi:10.1111/1755-0998.13186,10.1111/1755-0998.13186,Baerwald M.R.,dwr,2026-06-15 20:45:58,2026-06-15,SWP - Integrated Science and Engineering,1,2020
doi:10.1111/2041-210x.14160,10.1111/2041-210X.14160,Rasmussen N.,dwr,2026-06-15 20:46:24,2026-06-15,SWP - Integrated Science and Engineering,1,2023
doi:10.1111/csp2.497,10.1111/csp2.497,Morales J.,dwr,2026-06-15 20:46:47,2026-06-15,South Central Region Office,1,2021
doi:10.1111/eff.12095,10.1111/eff.12095,Harrell W.C.,dwr,2026-06-15 20:47:00,2026-06-15,Executive,1,2014
doi:10.1111/eff.12095,10.1111/eff.12095,Sommer T.R.,dwr,2026-06-15 20:47:01,2026-06-15,SWP - Integrated Science and Engineering,1,2014
doi:10.1111/eff.12372,10.1111/eff.12372,Goertler P.,dwr,2026-06-15 20:47:20,2026-06-15,SWP - Integrated Science and Engineering,1,2018
doi:10.1111/eff.12372,10.1111/eff.12372,Sommer T.,dwr,2026-06-15 20:47:20,2026-06-15,SWP - Integrated Science and Engineering,1,2018
doi:10.1111/eff.12372,10.1111/eff.12372,Schreier B.,dwr,2026-06-15 20:47:21,2026-06-15,SWP - Integrated Science and Engineering,1,2018
doi:10.1111/eva.12095,10.1111/eva.12095,Kurth R.,dwr,2026-06-15 20:47:49,2026-06-15,SWP - Integrated Science and Engineering,1,2013
doi:10.1111/eva.70220,10.1111/eva.70220,Baerwald M.R.,dwr,2026-06-15 20:48:09,2026-06-15,SWP - Integrated Science and Engineering,1,2026
doi:10.1111/fme.12257,10.1111/fme.12257,Mahardja B.,dwr,2026-06-15 20:48:22,2026-06-15,SWP - Integrated Science and Engineering,1,2017
doi:10.1111/fme.12257,10.1111/fme.12257,Schreier B.,dwr,2026-06-15 20:48:23,2026-06-15,SWP - Integrated Science and Engineering,1,2017
doi:10.1111/fme.12257,10.1111/fme.12257,Sommer T.,dwr,2026-06-15 20:48:23,2026-06-15,SWP - Integrated Science and Engineering,1,2017
doi:10.1111/fwb.13403,10.1111/fwb.13403,Davis B.E.,dwr,2026-06-15 20:48:43,2026-06-15,SWP - Integrated Science and Engineering,4,2019
doi:10.1111/fwb.13403,10.1111/fwb.13403,Sommer T.,dwr,2026-06-15 20:48:44,2026-06-15,SWP - Integrated Science and Engineering,1,2019
doi:10.1111/geb.13648,10.1111/geb.13648,Twardochleb L.,dwr,2026-06-15 20:49:55,2026-06-15,SWP - Integrated Science and Engineering,2,2023
doi:10.1111/gwat.70035,10.1111/gwat.70035,Bonds C.,dwr,2026-06-15 20:50:17,2026-06-15,Regional Assistance,1,2026
doi:10.1111/j.1745-6584.2011.00838.x,10.1111/j.1745-6584.2011.00838.x,Meeth T.,dwr,2026-06-15 20:50:34,2026-06-15,Multibenefit Initiatives,3,2012
doi:10.1111/j.1745-6584.2011.00838.x,10.1111/j.1745-6584.2011.00838.x,Bonds C.,dwr,2026-06-15 20:50:35,2026-06-15,North Central Region Office,3,2012
doi:10.1111/jfb.14143,10.1111/jfb.14143,Goertler P.A.L.,dwr,2026-06-15 20:50:52,2026-06-15,SWP - Integrated Science and Engineering,5,2020
doi:10.1111/jfb.14143,10.1111/jfb.14143,Shakya A.W.,dwr,2026-06-15 20:50:53,2026-06-15,SWP - Integrated Science and Engineering,5,2020
doi:10.1111/jfb.14143,10.1111/jfb.14143,Seesholtz A.M.,dwr,2026-06-15 20:50:53,2026-06-15,SWP - Integrated Science and Engineering,1,2020
doi:10.1111/jfb.14143,10.1111/jfb.14143,Schreier B.M.,dwr,2026-06-15 20:50:54,2026-06-15,SWP - Integrated Science and Engineering,1,2020
doi:10.1111/jfb.14143,10.1111/jfb.14143,Matica S.Z.,dwr,2026-06-15 20:50:54,2026-06-15,SWP - Integrated Science and Engineering,1,2020
doi:10.1111/jfb.14143,10.1111/jfb.14143,Holley K.S.,dwr,2026-06-15 20:50:55,2026-06-15,SWP - Integrated Science and Engineering,5,2020
doi:10.1111/jfr3.12809,10.1111/jfr3.12809,Anderson M.L.,dwr,2026-06-15 20:51:23,2026-06-15,Flood Operations,4,2022
doi:10.1111/mec.17449,10.1111/mec.17449,Baerwald M.,dwr,2026-06-15 20:51:44,2026-06-15,SWP - Integrated Science and Engineering,1,2024
doi:10.1111/mec.17449,10.1111/mec.17449,Gille D.,dwr,2026-06-15 20:51:44,2026-06-15,SWP - Integrated Science and Engineering,1,2024
doi:10.1111/rec.70453,10.1111/rec.70453,Ferrell M.,dwr,2026-06-15 20:52:03,2026-06-15,Multibenefit Initiatives,1,2026
doi:10.1117/1.jrs.8.083685,10.1117/1.JRS.8.083685,Jones J.,dwr,2026-06-15 20:52:50,2026-06-15,Executive,4,2014
doi:10.1126/sciadv.1700581,10.1126/sciadv.1700581,Rajsekhar D.,dwr,2026-06-15 20:53:47,2026-06-15,SWP - Modeling Support Office,1,2017
doi:10.1128/aem.01760-23,10.1128/aem.01760-23,Holmes E.,dwr,2026-06-15 20:54:15,2026-06-15,SWP - Integrated Science and Engineering,1,2024
doi:10.1128/aem.01760-23,10.1128/aem.01760-23,Kindopp J.,dwr,2026-06-15 20:54:15,2026-06-15,SWP - Integrated Science and Engineering,1,2024
doi:10.1139/cgj-2018-0864,10.1139/cgj-2018-0864,Jaeger R.A.,dwr,2026-06-15 20:54:30,2026-06-15,Safety of Dams,1,2020
doi:10.1139/cjfas-2024-0139,10.1139/cjfas-2024-0139,Holmes E.,dwr,2026-06-15 20:55:15,2026-06-15,SWP - Integrated Science and Engineering,1,2025
doi:10.1139/cjfas-2024-0390,10.1139/cjfas-2024-0390,Davis B.E.,dwr,2026-06-15 20:55:29,2026-06-15,SWP - Integrated Science and Engineering,1,2026
doi:10.1139/cjfas-2024-0390,10.1139/cjfas-2024-0390,Tempel T.L.,dwr,2026-06-15 20:55:34,2026-06-15,SWP - Integrated Science and Engineering,1,2026
doi:10.1175/bams-d-20-0224.1,10.1175/BAMS-D-20-0224.1,Anderson M.L.,dwr,2026-06-15 20:56:39,2026-06-15,Flood Operations,4,2022
doi:10.1175/bams-d-21-0121.1,10.1175/BAMS-D-21-0121.1,Anderson M.,dwr,2026-06-15 20:56:56,2026-06-15,Executive,4,2024
doi:10.1175/bams-d-22-0208.1,10.1175/BAMS-D-22-0208.1,Jones J.,dwr,2026-06-15 20:57:38,2026-06-15,Executive,1,2024
doi:10.1175/bams-d-22-0208.1,10.1175/BAMS-D-22-0208.1,Anderson M.L.,dwr,2026-06-15 20:57:39,2026-06-15,Executive,4,2024
doi:10.1175/jhm-d-15-0232.1,10.1175/JHM-D-15-0232.1,Anderson M.L.,dwr,2026-06-15 20:57:52,2026-06-15,Flood Operations,4,2017
doi:10.1175/jhm-d-15-0232.1,10.1175/JHM-D-15-0232.1,Chen Z.Q.,dwr,2026-06-15 20:57:53,2026-06-15,SWP - Modeling Support Office,4,2017
doi:10.1175/jhm-d-18-0027.1,10.1175/JHM-D-18-0027.1,He M.,dwr,2026-06-15 20:58:10,2026-06-15,SWP - Modeling Support Office,1,2018
doi:10.1175/jhm-d-20-0028.1,10.1175/JHM-D-20-0028.1,Anderson M.,dwr,2026-06-15 20:58:26,2026-06-15,Flood Operations,4,2020
doi:10.1175/jhm-d-25-0012.1,10.1175/JHM-D-25-0012.1,Kollen J.,dwr,2026-06-15 20:58:50,2026-06-15,Flood Operations,1,2025
doi:10.1175/jhm-d-25-0012.1,10.1175/JHM-D-25-0012.1,Reising A.,dwr,2026-06-15 20:58:50,2026-06-15,Flood Operations,1,2025
doi:10.1175/jhm-d-25-0012.1,10.1175/JHM-D-25-0012.1,Rizzardo D.,dwr,2026-06-15 20:58:51,2026-06-15,Flood Operations,1,2025
doi:10.1175/jhm-d-25-0012.1,10.1175/JHM-D-25-0012.1,Fabbiani-Leon A.,dwr,2026-06-15 20:58:58,2026-06-15,Flood Operations,5,2025
doi:10.1175/jtech-d-12-00217.1,10.1175/JTECH-D-12-00217.1,Hinojosa A.,dwr,2026-06-15 21:00:34,2026-06-15,Flood Operations,1,2013
doi:10.1175/jtech-d-12-00217.1,10.1175/JTECH-D-12-00217.1,Anderson M.L.,dwr,2026-06-15 21:00:35,2026-06-15,Flood Operations,4,2013
doi:10.1175/jtech-d-12-00217.1,10.1175/JTECH-D-12-00217.1,Gehrke F.,dwr,2026-06-15 21:00:44,2026-06-15,Flood Operations,1,2013
doi:10.1186/s12864-021-07592-4,10.1186/s12864-021-07592-4,Baerwald M.R.,dwr,2026-06-15 21:01:00,2026-06-15,SWP - Integrated Science and Engineering,1,2021
doi:10.1186/s13568-019-0807-4,10.1186/s13568-019-0807-4,Lesmeister S.,dwr,2026-06-15 21:01:17,2026-06-15,SWP - Integrated Science and Engineering,1,2019
doi:10.1186/s40064-015-1068-6,10.1186/s40064-015-1068-6,Lehman P.W.,dwr,2026-06-15 21:01:34,2026-06-15,SWP - Integrated Science and Engineering,1,2015
doi:10.1186/s40064-015-1068-6,10.1186/s40064-015-1068-6,Mayr S.,dwr,2026-06-15 21:01:35,2026-06-15,North Central Region Office,1,2015
doi:10.1186/s40064-015-1068-6,10.1186/s40064-015-1068-6,Liu L.,dwr,2026-06-15 21:01:36,2026-06-15,North Central Region Office,manual,2015
doi:10.1186/s40064-015-1068-6,10.1186/s40064-015-1068-6,Tang A.,dwr,2026-06-15 21:01:36,2026-06-15,Central Valley Flood Protection Board,1,2015
doi:10.1186/s40317-025-00421-5,10.1186/s40317-025-00421-5,Miranda J.B.,dwr,2026-06-15 21:01:52,2026-06-15,SWP - Integrated Science and Engineering,1,2025
doi:10.1186/s40317-025-00421-5,10.1186/s40317-025-00421-5,Johnson M.N.,dwr,2026-06-15 21:01:53,2026-06-15,SWP - Integrated Science and Engineering,3,2025
doi:10.1186/s40462-019-0146-8,10.1186/s40462-019-0146-8,Feldheim C.L.,dwr,2026-06-15 21:02:13,2026-06-15,SWP - Integrated Science and Engineering,1,2019
doi:10.1193/071114eqs100r,10.1193/071114EQS100R,Malvick E.J.,dwr,2026-06-15 21:02:28,2026-06-15,Safety of Dams,1,2016
doi:10.1242/jeb.134528,10.1242/jeb.134528,Sommer T.,dwr,2026-06-15 21:02:52,2026-06-15,SWP - Integrated Science and Engineering,1,2016
doi:10.1371/journal.pone.0067829,10.1371/journal.pone.0067829,Sommer T.,dwr,2026-06-15 21:03:14,2026-06-15,SWP - Integrated Science and Engineering,1,2013
doi:10.1371/journal.pone.0170683,10.1371/journal.pone.0170683,Mahardja B.,dwr,2026-06-15 21:03:27,2026-06-15,SWP - Integrated Science and Engineering,1,2017
doi:10.1371/journal.pone.0170683,10.1371/journal.pone.0170683,Farruggia M.J.,dwr,2026-06-15 21:03:27,2026-06-15,SWP - Integrated Science and Engineering,2,2017
doi:10.1371/journal.pone.0170683,10.1371/journal.pone.0170683,Schreier B.,dwr,2026-06-15 21:03:27,2026-06-15,SWP - Integrated Science and Engineering,1,2017
doi:10.1371/journal.pone.0170683,10.1371/journal.pone.0170683,Sommer T.,dwr,2026-06-15 21:03:28,2026-06-15,SWP - Integrated Science and Engineering,1,2017
doi:10.1371/journal.pone.0208084,10.1371/journal.pone.0208084,Ikemiyagi N.,dwr,2026-06-15 21:03:40,2026-06-15,SWP - Integrated Science and Engineering,1,2019
doi:10.1371/journal.pone.0216019,10.1371/journal.pone.0216019,Sommer T.R.,dwr,2026-06-15 21:03:52,2026-06-15,SWP - Integrated Science and Engineering,1,2020
doi:10.1371/journal.pone.0234673,10.1371/journal.pone.0234673,Sommer T.,dwr,2026-06-15 21:04:38,2026-06-15,SWP - Integrated Science and Engineering,1,2020
doi:10.1371/journal.pone.0234673,10.1371/journal.pone.0234673,Hartman R.,dwr,2026-06-15 21:04:39,2026-06-15,SWP - Integrated Science and Engineering,1,2020
doi:10.1371/journal.pone.0234673,10.1371/journal.pone.0234673,Koller M.,dwr,2026-06-15 21:04:39,2026-06-15,Regional Assistance,1,2020
doi:10.1371/journal.pone.0234673,10.1371/journal.pone.0234673,Koohafkan M.,dwr,2026-06-15 21:04:40,2026-06-15,SWP - Integrated Science and Engineering,1,2020
doi:10.1371/journal.pone.0265402,10.1371/journal.pone.0265402,Hartman R.,dwr,2026-06-15 21:05:02,2026-06-15,SWP - Integrated Science and Engineering,1,2022
doi:10.1371/journal.pone.0286027,10.1371/journal.pone.0286027,Baerwald M.R.,dwr,2026-06-15 21:05:21,2026-06-15,SWP - Integrated Science and Engineering,1,2023
doi:10.1371/journal.pone.0286027,10.1371/journal.pone.0286027,Kwan N.,dwr,2026-06-15 21:05:21,2026-06-15,SWP - Integrated Science and Engineering,1,2023
doi:10.1371/journal.pone.0286027,10.1371/journal.pone.0286027,Pien C.,dwr,2026-06-15 21:05:22,2026-06-15,SWP - Integrated Science and Engineering,2,2023
doi:10.1371/journal.pone.0286027,10.1371/journal.pone.0286027,Gille D.A.,dwr,2026-06-15 21:05:41,2026-06-15,SWP - Integrated Science and Engineering,1,2023
doi:10.1371/journal.pone.0286027,10.1371/journal.pone.0286027,Hudson H.,dwr,2026-06-15 21:05:42,2026-06-15,Unknown,5,2023
doi:10.1371/journal.pone.0286027,10.1371/journal.pone.0286027,Sommer T.,dwr,2026-06-15 21:05:43,2026-06-15,SWP - Integrated Science and Engineering,5,2023
doi:10.1371/journal.pone.0286027,10.1371/journal.pone.0286027,Schreier B.M.,dwr,2026-06-15 21:05:44,2026-06-15,SWP - Integrated Science and Engineering,1,2023
doi:10.15447//sfews.2020v18iss3art1,10.15447//SFEWS.2020V18ISS3ART1,Sommer T.,dwr,2026-06-15 21:05:55,2026-06-15,SWP - Integrated Science and Engineering,1,2020
doi:10.15447/sfews.2016v14iss3art5,10.15447/SFEWS.2016V14ISS3ART5,Anderson J.,dwr,2026-06-15 21:06:11,2026-06-15,SWP - Modeling Support Office,1,2016
doi:10.15447/sfews.2016v14iss3art5,10.15447/SFEWS.2016V14ISS3ART5,Anderson M.,dwr,2026-06-15 21:06:12,2026-06-15,Flood Operations,4,2016
doi:10.15447/sfews.2016v14iss4/art2,10.15447/SFEWS.2016V14ISS4/ART2,Ateljevich E.S.,dwr,2026-06-15 21:06:30,2026-06-15,SWP - Modeling Support Office,1,2016
doi:10.15447/sfews.2020v18iss1art3,10.15447/SFEWS.2020V18ISS1ART3,Wang X.,dwr,2026-06-15 21:06:44,2026-06-15,SWP - Modeling Support Office,1,2020
doi:10.15447/sfews.2020v18iss3art4,10.15447/SFEWS.2020V18ISS3ART4,Sommer T.,dwr,2026-06-15 21:06:57,2026-06-15,SWP - Integrated Science and Engineering,1,2020
doi:10.15447/sfews.2020v18iss3art4,10.15447/SFEWS.2020V18ISS3ART4,Schreier B.,dwr,2026-06-15 21:06:57,2026-06-15,SWP - Integrated Science and Engineering,1,2020
doi:10.15447/sfews.2021v19iss2art3,10.15447/SFEWS.2021V19ISS2ART3,Sommer T.,dwr,2026-06-15 21:07:16,2026-06-15,SWP - Integrated Science and Engineering,1,2021
doi:10.15447/sfews.2021v19iss3art1,10.15447/SFEWS.2021V19ISS3ART1,Hartman R.K.,dwr,2026-06-15 21:07:28,2026-06-15,SWP - Integrated Science and Engineering,1,2021
doi:10.15447/sfews.2021v19iss3art1,10.15447/SFEWS.2021V19ISS3ART1,Sommer T.,dwr,2026-06-15 21:07:29,2026-06-15,SWP - Integrated Science and Engineering,1,2021
doi:10.15447/sfews.2021v19iss3art3,10.15447/SFEWS.2021V19ISS3ART3,Frantzich J.,dwr,2026-06-15 21:07:43,2026-06-15,North Central Region Office,1,2021
doi:10.15447/sfews.2021v19iss3art3,10.15447/SFEWS.2021V19ISS3ART3,Davis B.E.,dwr,2026-06-15 21:07:44,2026-06-15,SWP - Integrated Science and Engineering,3,2021
doi:10.15447/sfews.2021v19iss3art3,10.15447/SFEWS.2021V19ISS3ART3,Sommer T.,dwr,2026-06-15 21:07:45,2026-06-15,SWP - Integrated Science and Engineering,1,2021
doi:10.15447/sfews.2023v21iss3art1,10.15447/SFEWS.2023V21ISS3ART1,Hartman R.,dwr,2026-06-15 21:08:00,2026-06-15,SWP - Integrated Science and Engineering,1,2023
doi:10.15447/sfews.2025v23iss1art3,10.15447/SFEWS.2025V23ISS1ART3,Hartman R.,dwr,2026-06-15 21:08:18,2026-06-15,SWP - Integrated Science and Engineering,1,2025
doi:10.15447/sfews.2025v23iss1art3,10.15447/SFEWS.2025V23ISS1ART3,Ekstrom J.,dwr,2026-06-15 21:08:18,2026-06-15,Executive,1,2025
doi:10.15447/sfews.2025v23iss1art4,10.15447/SFEWS.2025V23ISS1ART4,Davis B.,dwr,2026-06-15 21:08:36,2026-06-15,SWP - Integrated Science and Engineering,1,2025
doi:10.15447/sfews.2013v11iss1art3,10.15447/sfews.2013v11iss1art3,Sommer T.,dwr,2026-06-15 21:08:50,2026-06-15,SWP - Integrated Science and Engineering,1,2013
doi:10.15447/sfews.2013v11iss1art3,10.15447/sfews.2013v11iss1art3,Reece K.,dwr,2026-06-15 21:08:50,2026-06-15,SWP - Integrated Science and Engineering,5,2013
doi:10.15447/sfews.2013v11iss2art4,10.15447/sfews.2013v11iss2art4,Sommer T.,dwr,2026-06-15 21:09:09,2026-06-15,SWP - Integrated Science and Engineering,1,2013
doi:10.15447/sfews.2013v11iss3art5,10.15447/sfews.2013v11iss3art5,Cowin M.W.,dwr,2026-06-15 21:09:35,2026-06-15,Executive,1,2013
doi:10.15447/sfews.2014v12iss1art1,10.15447/sfews.2014v12iss1art1,Lehman P.,dwr,2026-06-15 21:10:02,2026-06-15,SWP - Integrated Science and Engineering,1,2014
doi:10.15447/sfews.2014v12iss1art4,10.15447/sfews.2014v12iss1art4,Brown T.,dwr,2026-06-15 21:10:26,2026-06-15,SWP - Integrated Science and Engineering,1,2014
doi:10.15447/sfews.2014v12iss4art3,10.15447/sfews.2014v12iss4art3,Mercer M.,dwr,2026-06-15 21:10:42,2026-06-15,SWP - Integrated Science and Engineering,1,2014
doi:10.15447/sfews.2014v12iss4art3,10.15447/sfews.2014v12iss4art3,Kurth R.,dwr,2026-06-15 21:10:43,2026-06-15,SWP - Integrated Science and Engineering,1,2014
doi:10.15447/sfews.2015v13iss2art2,10.15447/sfews.2015v13iss2art2,Schwarz A.M.,dwr,2026-06-15 21:10:56,2026-06-15,Multibenefit Initiatives,1,2015
doi:10.15447/sfews.2015v13iss4art3,10.15447/sfews.2015v13iss4art3,Seesholtz A.,dwr,2026-06-15 21:12:07,2026-06-15,SWP - Integrated Science and Engineering,1,2015
doi:10.15447/sfews.2015v13iss4art4,10.15447/sfews.2015v13iss4art4,Tsao D.C.,dwr,2026-06-15 21:12:40,2026-06-15,SWP - Integrated Science and Engineering,1,2015
doi:10.15447/sfews.2015v13iss4art4,10.15447/sfews.2015v13iss4art4,Melcer R.E.,dwr,2026-06-15 21:12:42,2026-06-15,Multibenefit Initiatives,1,2015
doi:10.15447/sfews.2015v13iss4art4,10.15447/sfews.2015v13iss4art4,Bradbury M.,dwr,2026-06-15 21:12:53,2026-06-15,Executive,1,2015
doi:10.15447/sfews.2016v14iss1art2,10.15447/sfews.2016v14iss1art2,Mahardja B.,dwr,2026-06-15 21:13:10,2026-06-15,SWP - Integrated Science and Engineering,1,2016
doi:10.15447/sfews.2016v14iss1art2,10.15447/sfews.2016v14iss1art2,Louise Conrad J.,dwr,2026-06-15 21:13:11,2026-06-15,SWP - Integrated Science and Engineering,5,2016
doi:10.15447/sfews.2016v14iss1art2,10.15447/sfews.2016v14iss1art2,Schreier B.M.,dwr,2026-06-15 21:13:12,2026-06-15,SWP - Integrated Science and Engineering,1,2016
doi:10.15447/sfews.2016v14iss2art5,10.15447/sfews.2016v14iss2art5,Anderson J.,dwr,2026-06-15 21:14:32,2026-06-15,SWP - Modeling Support Office,1,2016
doi:10.15447/sfews.2016v14iss2art5,10.15447/sfews.2016v14iss2art5,Anderson M.,dwr,2026-06-15 21:14:33,2026-06-15,Flood Operations,4,2016
doi:10.15447/sfews.2016v14iss3art4,10.15447/sfews.2016v14iss3art4,Louise Conrad J.,dwr,2026-06-15 21:15:00,2026-06-15,SWP - Integrated Science and Engineering,5,2016
doi:10.15447/sfews.2016v14iss3art4,10.15447/sfews.2016v14iss3art4,Lesmeister S.,dwr,2026-06-15 21:15:01,2026-06-15,SWP - Integrated Science and Engineering,1,2016
doi:10.15447/sfews.2016v14iss4art2,10.15447/sfews.2016v14iss4art2,Ateljevich E.S.,dwr,2026-06-15 21:15:19,2026-06-15,SWP - Modeling Support Office,1,2016
doi:10.15447/sfews.2017v15iss1art5,10.15447/sfews.2017v15iss1art5,Lorenzato S.,dwr,2026-06-15 21:15:37,2026-06-15,Multibenefit Initiatives,1,2017
doi:10.15447/sfews.2017v15iss1art5,10.15447/sfews.2017v15iss1art5,Melcer R.,dwr,2026-06-15 21:15:37,2026-06-15,Multibenefit Initiatives,2,2017
doi:10.15447/sfews.2017v15iss1art8,10.15447/sfews.2017v15iss1art8,Lorenzato S.,dwr,2026-06-15 21:16:02,2026-06-15,Multibenefit Initiatives,1,2017
doi:10.15447/sfews.2017v15iss1art8,10.15447/sfews.2017v15iss1art8,Melcer R.,dwr,2026-06-15 21:16:03,2026-06-15,Multibenefit Initiatives,2,2017
doi:10.15447/sfews.2017v15iss3art1,10.15447/sfews.2017v15iss3art1,Conrad J.L.,dwr,2026-06-15 21:16:24,2026-06-15,SWP - Integrated Science and Engineering,1,2017
doi:10.15447/sfews.2017v15iss3art1,10.15447/sfews.2017v15iss3art1,Harvey B.N.,dwr,2026-06-15 21:16:24,2026-06-15,SWP - Integrated Science and Engineering,1,2017
doi:10.15447/sfews.2017v15iss3art1,10.15447/sfews.2017v15iss3art1,Goertler P.A.L.,dwr,2026-06-15 21:16:25,2026-06-15,SWP - Integrated Science and Engineering,5,2017
doi:10.15447/sfews.2017v15iss3art1,10.15447/sfews.2017v15iss3art1,Reece K.,dwr,2026-06-15 21:16:26,2026-06-15,SWP - Integrated Science and Engineering,5,2017
doi:10.15447/sfews.2018v16iss1/art3,10.15447/sfews.2018v16iss1/art3,Frantzich J.,dwr,2026-06-15 21:16:40,2026-06-15,SWP - Integrated Science and Engineering,1,2018
doi:10.15447/sfews.2018v16iss1/art3,10.15447/sfews.2018v16iss1/art3,Sommer T.,dwr,2026-06-15 21:16:40,2026-06-15,SWP - Integrated Science and Engineering,1,2018
doi:10.15447/sfews.2018v16iss1/art3,10.15447/sfews.2018v16iss1/art3,Schreier B.,dwr,2026-06-15 21:16:41,2026-06-15,SWP - Integrated Science and Engineering,1,2018
doi:10.15447/sfews.2018v16iss2art3,10.15447/sfews.2018v16iss2art3,Sommer T.,dwr,2026-06-15 21:16:57,2026-06-15,SWP - Integrated Science and Engineering,1,2018
doi:10.15447/sfews.2018v16iss2art4,10.15447/sfews.2018v16iss2art4,Sommer T.,dwr,2026-06-15 21:17:23,2026-06-15,SWP - Integrated Science and Engineering,1,2018
doi:10.15447/sfews.2018v16iss2art5,10.15447/sfews.2018v16iss2art5,Conrad J.,dwr,2026-06-15 21:17:39,2026-06-15,SWP - Integrated Science and Engineering,1,2018
doi:10.15447/sfews.2018v16iss3art3,10.15447/sfews.2018v16iss3art3,Sommer T.,dwr,2026-06-15 21:18:01,2026-06-15,SWP - Integrated Science and Engineering,1,2018
doi:10.15447/sfews.2018v16iss3art3,10.15447/sfews.2018v16iss3art3,Schreier B.,dwr,2026-06-15 21:18:04,2026-06-15,SWP - Integrated Science and Engineering,1,2018
doi:10.15447/sfews.2019v17iss2art1,10.15447/sfews.2019v17iss2art1,Sommer T.,dwr,2026-06-15 21:18:21,2026-06-15,SWP - Integrated Science and Engineering,1,2019
doi:10.15447/sfews.2020v18iss2art1,10.15447/sfews.2020v18iss2art1,Schreier B.,dwr,2026-06-15 21:19:24,2026-06-15,SWP - Integrated Science and Engineering,1,2020
doi:10.15447/sfews.2020v18iss2art1,10.15447/sfews.2020v18iss2art1,Rinde J.,dwr,2026-06-15 21:19:25,2026-06-15,SWP - Integrated Science and Engineering,1,2020
doi:10.15447/sfews.2020v18iss2art1,10.15447/sfews.2020v18iss2art1,Pisor R.,dwr,2026-06-15 21:19:25,2026-06-15,SWP - Integrated Science and Engineering,1,2020
doi:10.15447/sfews.2020v18iss2art1,10.15447/sfews.2020v18iss2art1,Lesmeister S.,dwr,2026-06-15 21:19:25,2026-06-15,SWP - Integrated Science and Engineering,1,2020
doi:10.15447/sfews.2020v18iss2art1,10.15447/sfews.2020v18iss2art1,Davis B.E.,dwr,2026-06-15 21:19:28,2026-06-15,SWP - Integrated Science and Engineering,4,2020
doi:10.15447/sfews.2020v18iss2art1,10.15447/sfews.2020v18iss2art1,Baerwald M.R.,dwr,2026-06-15 21:19:28,2026-06-15,SWP - Integrated Science and Engineering,1,2020
doi:10.15447/sfews.2021v19iss1art2,10.15447/sfews.2021v19iss1art2,Goertler P.,dwr,2026-06-15 21:19:46,2026-06-15,SWP - Integrated Science and Engineering,5,2021
doi:10.15447/sfews.2021v19iss1art3,10.15447/sfews.2021v19iss1art3,Grimaldo L.F.,dwr,2026-06-15 21:20:06,2026-06-15,Executive,3,2021
doi:10.15447/sfews.2021v19iss4art3,10.15447/sfews.2021v19iss4art3,Ateljevich E.S.,dwr,2026-06-15 21:20:35,2026-06-15,SWP - Modeling Support Office,1,2021
doi:10.15447/sfews.2021v19iss4art4,10.15447/sfews.2021v19iss4art4,Ateljevich E.S.,dwr,2026-06-15 21:20:49,2026-06-15,SWP - Modeling Support Office,1,2021
doi:10.15447/sfews.2022v20iss1art4,10.15447/sfews.2022v20iss1art4,Gille D.A.,dwr,2026-06-15 21:21:13,2026-06-15,SWP - Integrated Science and Engineering,1,2022
doi:10.15447/sfews.2022v20iss1art4,10.15447/sfews.2022v20iss1art4,Baerwald M.R.,dwr,2026-06-15 21:21:14,2026-06-15,SWP - Integrated Science and Engineering,1,2022
doi:10.15447/sfews.2022v20iss2art1,10.15447/sfews.2022v20iss2art1,Hartman R.,dwr,2026-06-15 21:21:34,2026-06-15,SWP - Integrated Science and Engineering,1,2022
doi:10.15447/sfews.2022v20iss2art1,10.15447/sfews.2022v20iss2art1,Sommer T.,dwr,2026-06-15 21:21:34,2026-06-15,SWP - Integrated Science and Engineering,2,2022
doi:10.15447/sfews.2022v20iss2art2,10.15447/sfews.2022v20iss2art2,Nelson P.A.,dwr,2026-06-15 21:22:42,2026-06-15,SWP - Integrated Science and Engineering,1,2022
doi:10.15447/sfews.2022v20iss2art2,10.15447/sfews.2022v20iss2art2,Baerwald M.,dwr,2026-06-15 21:22:42,2026-06-15,SWP - Integrated Science and Engineering,1,2022
doi:10.15447/sfews.2022v20iss3art1,10.15447/sfews.2022v20iss3art1,Hartman R.,dwr,2026-06-15 21:23:37,2026-06-15,SWP - Integrated Science and Engineering,1,2022
doi:10.15447/sfews.2022v20iss3art2,10.15447/sfews.2022v20iss3art2,Davis B.E.,dwr,2026-06-15 21:24:03,2026-06-15,SWP - Integrated Science and Engineering,1,2022
doi:10.15447/sfews.2022v20iss3art2,10.15447/sfews.2022v20iss3art2,Adams J.B.,dwr,2026-06-15 21:24:04,2026-06-15,SWP - Integrated Science and Engineering,1,2022
doi:10.15447/sfews.2022v20iss3art2,10.15447/sfews.2022v20iss3art2,Schreier B.M.,dwr,2026-06-15 21:24:04,2026-06-15,SWP - Integrated Science and Engineering,1,2022
doi:10.15447/sfews.2022v20iss3art2,10.15447/sfews.2022v20iss3art2,Shakya A.,dwr,2026-06-15 21:24:21,2026-06-15,SWP - Integrated Science and Engineering,5,2022
doi:10.15447/sfews.2022v20iss3art2,10.15447/sfews.2022v20iss3art2,Ikemiyagi N.,dwr,2026-06-15 21:24:23,2026-06-15,SWP - Integrated Science and Engineering,1,2022
doi:10.15447/sfews.2022v20iss3art3,10.15447/sfews.2022v20iss3art3,Grimaldo L.F.,dwr,2026-06-15 21:24:48,2026-06-15,Executive,1,2022
doi:10.15447/sfews.2023v20iss4art4,10.15447/sfews.2023v20iss4art4,Darin G.S.,dwr,2026-06-15 21:25:29,2026-06-15,SWP - Integrated Science and Engineering,1,2023
doi:10.15447/sfews.2023v21iss1art1,10.15447/sfews.2023v21iss1art1,Sommer T.,dwr,2026-06-15 21:25:46,2026-06-15,SWP - Integrated Science and Engineering,5,2023
doi:10.15447/sfews.2023v21iss1art1,10.15447/sfews.2023v21iss1art1,Conrad J.L.,dwr,2026-06-15 21:25:46,2026-06-15,Executive,1,2023
doi:10.15447/sfews.2023v21iss2art1,10.15447/sfews.2023v21iss2art1,Grimaldo L.F.,dwr,2026-06-15 21:25:58,2026-06-15,Executive,1,2023
doi:10.15447/sfews.2024v22iss1art1,10.15447/sfews.2024v22iss1art1,Bosworth D.H.,dwr,2026-06-15 21:26:09,2026-06-15,SWP - Integrated Science and Engineering,1,2024
doi:10.15447/sfews.2024v22iss1art1,10.15447/sfews.2024v22iss1art1,Hartman R.,dwr,2026-06-15 21:26:10,2026-06-15,SWP - Integrated Science and Engineering,1,2024
doi:10.15447/sfews.2024v22iss1art1,10.15447/sfews.2024v22iss1art1,Stumpner E.B.,dwr,2026-06-15 21:26:11,2026-06-15,SWP - Integrated Science and Engineering,1,2024
doi:10.15447/sfews.2024v22iss1art2,10.15447/sfews.2024v22iss1art2,Bosworth D.,dwr,2026-06-15 21:26:28,2026-06-15,SWP - Integrated Science and Engineering,1,2024
doi:10.15447/sfews.2024v22iss1art2,10.15447/sfews.2024v22iss1art2,Flynn T.M.,dwr,2026-06-15 21:26:29,2026-06-15,SWP - Integrated Science and Engineering,1,2024
doi:10.15447/sfews.2024v22iss1art2,10.15447/sfews.2024v22iss1art2,Maguire A.,dwr,2026-06-15 21:26:29,2026-06-15,North Central Region Office,1,2024
doi:10.15447/sfews.2024v22iss1art2,10.15447/sfews.2024v22iss1art2,Hartman R.,dwr,2026-06-15 21:26:30,2026-06-15,SWP - Integrated Science and Engineering,1,2024
doi:10.15447/sfews.2024v22iss1art3,10.15447/sfews.2024v22iss1art3,Burdi C.E.,dwr,2026-06-15 21:26:47,2026-06-15,SWP - Integrated Science and Engineering,1,2024
doi:10.15447/sfews.2024v22iss1art3,10.15447/sfews.2024v22iss1art3,Hartman R.,dwr,2026-06-15 21:26:48,2026-06-15,SWP - Integrated Science and Engineering,1,2024
doi:10.15447/sfews.2024v22iss1art5,10.15447/sfews.2024v22iss1art5,Burdi C.E.,dwr,2026-06-15 21:27:03,2026-06-15,SWP - Integrated Science and Engineering,1,2024
doi:10.15447/sfews.2024v22iss1art5,10.15447/sfews.2024v22iss1art5,Maguire A.,dwr,2026-06-15 21:27:03,2026-06-15,North Central Region Office,1,2024
doi:10.15447/sfews.2024v22iss1art5,10.15447/sfews.2024v22iss1art5,Bosworth D.H.,dwr,2026-06-15 21:27:04,2026-06-15,SWP - Integrated Science and Engineering,1,2024
doi:10.15447/sfews.2024v22iss1art5,10.15447/sfews.2024v22iss1art5,Stumpner E.B.,dwr,2026-06-15 21:27:05,2026-06-15,SWP - Integrated Science and Engineering,1,2024
doi:10.15447/sfews.2024v22iss1art5,10.15447/sfews.2024v22iss1art5,Hartman R.,dwr,2026-06-15 21:27:06,2026-06-15,SWP - Integrated Science and Engineering,1,2024
doi:10.15447/sfews.2024v22iss2art2,10.15447/sfews.2024v22iss2art2,Stricklin J.,dwr,2026-06-15 21:27:19,2026-06-15,Planning,1,2024
doi:10.15447/sfews.2025v23iss2art3,10.15447/sfews.2025v23iss2art3,Hartman R.,dwr,2026-06-15 21:27:36,2026-06-15,SWP - Integrated Science and Engineering,1,2025
doi:10.15447/sfews.2025v23iss2art3,10.15447/sfews.2025v23iss2art3,Lehman P.W.,dwr,2026-06-15 21:27:37,2026-06-15,SWP - Integrated Science and Engineering,5,2025
doi:10.15447/sfews.2025v23iss2art3,10.15447/sfews.2025v23iss2art3,Davis B.E.,dwr,2026-06-15 21:27:37,2026-06-15,SWP - Integrated Science and Engineering,1,2025
doi:10.15447/sfews.2025v23iss2art3,10.15447/sfews.2025v23iss2art3,Pien C.,dwr,2026-06-15 21:27:38,2026-06-15,SWP - Integrated Science and Engineering,5,2025
doi:10.15447/sfews.2025v23iss2art4,10.15447/sfews.2025v23iss2art4,Conrad J.L.,dwr,2026-06-15 21:28:00,2026-06-15,Executive,1,2025
doi:10.15447/sfews.2025v23iss3art3,10.15447/sfews.2025v23iss3art3,Maendly R.,dwr,2026-06-15 21:28:22,2026-06-15,Executive,1,2025
doi:10.15447/sfews.2025v23iss3art3,10.15447/sfews.2025v23iss3art3,Anderson M.,dwr,2026-06-15 21:28:23,2026-06-15,Executive,4,2025
doi:10.15447/sfews.2025v23iss4art4,10.15447/sfews.2025v23iss4art4,Bosworth D.,dwr,2026-06-15 21:29:08,2026-06-15,SWP - Integrated Science and Engineering,1,2025
doi:10.15447/sfews.2025v23iss4art4,10.15447/sfews.2025v23iss4art4,Twardochleb L.,dwr,2026-06-15 21:29:09,2026-06-15,SWP - Integrated Science and Engineering,5,2025
doi:10.15447/sfews.2025v23iss4art4,10.15447/sfews.2025v23iss4art4,Davis B.E.,dwr,2026-06-15 21:29:10,2026-06-15,SWP - Integrated Science and Engineering,1,2025
doi:10.15447/sfews.2025v23iss4art5,10.15447/sfews.2025v23iss4art5,Burdi C.E.,dwr,2026-06-15 21:29:34,2026-06-15,SWP - Integrated Science and Engineering,1,2025
doi:10.1785/0120120169,10.1785/0120120169,Barry G.,dwr,2026-06-15 21:30:38,2026-06-15,SWP - Engineering,1,2013
doi:10.1785/0120120169,10.1785/0120120169,Smith F.,dwr,2026-06-15 21:30:39,2026-06-15,SWP - Operations and Maintenance,1,2013
doi:10.1785/0120120169,10.1785/0120120169,Mello J.,dwr,2026-06-15 21:30:39,2026-06-15,SWP - Operations and Maintenance,1,2013
doi:10.2140/camcos.2015.10.83,10.2140/camcos.2015.10.83,Ateljevich E.,dwr,2026-06-15 21:30:57,2026-06-15,SWP - Modeling Support Office,1,2015
doi:10.2166/hydro.2023.158,10.2166/hydro.2023.158,Namadi P.,dwr,2026-06-15 21:31:28,2026-06-15,SWP - Modeling Support Office,1,2023
doi:10.2166/hydro.2023.158,10.2166/hydro.2023.158,Sandhu P.,dwr,2026-06-15 21:31:29,2026-06-15,SWP - Modeling Support Office,1,2023
doi:10.2166/hydro.2023.158,10.2166/hydro.2023.158,He M.,dwr,2026-06-15 21:31:29,2026-06-15,SWP - Modeling Support Office,1,2023
doi:10.2166/wcc.2018.241,10.2166/wcc.2018.241,Chen Z.Q.,dwr,2026-06-15 21:31:50,2026-06-15,SWP - Modeling Support Office,4,2020
doi:10.2989/1814232x.2025.2526117,10.2989/1814232X.2025.2526117,Morais P.,dwr,2026-06-15 21:33:09,2026-06-15,SWP - Integrated Science and Engineering,1,2025
doi:10.3319/tao.2012.04.17.02(wmh),10.3319/TAO.2012.04.17.02(WMH),Huang G.,dwr,2026-06-15 21:33:58,2026-06-15,SWP - Modeling Support Office,3,2012
doi:10.3354/ame01876,10.3354/ame01876,Lesmeister S.,dwr,2026-06-15 21:34:43,2026-06-15,SWP - Integrated Science and Engineering,1,2018
doi:10.3354/ame01876,10.3354/ame01876,Xiong M.,dwr,2026-06-15 21:34:44,2026-06-15,SWP - Integrated Science and Engineering,1,2018
doi:10.3354/meps14168,10.3354/meps14168,Grimaldo L.,dwr,2026-06-15 21:35:36,2026-06-15,Executive,1,2022
doi:10.3389/fclim.2021.761444,10.3389/fclim.2021.761444,Guivetchi K.,dwr,2026-06-15 21:36:07,2026-06-15,Planning,1,2021
doi:10.3389/fclim.2021.761444,10.3389/fclim.2021.761444,Darling G.,dwr,2026-06-15 21:36:07,2026-06-15,Planning,1,2021
doi:10.3389/fclim.2021.761444,10.3389/fclim.2021.761444,McCready C.,dwr,2026-06-15 21:36:08,2026-06-15,Planning,1,2021
doi:10.3368/er.32.3.239,10.3368/er.32.3.239,Melcer R.,dwr,2026-06-15 21:36:27,2026-06-15,Multibenefit Initiatives,1,2014
doi:10.3389/fenvs.2019.00022,10.3389/fenvs.2019.00022,Hoffmann K.,dwr,2026-06-15 21:36:55,2026-06-15,SWP - Integrated Science and Engineering,1,2019
doi:10.3389/fenvs.2019.00022,10.3389/fenvs.2019.00022,Conrad L.,dwr,2026-06-15 21:36:57,2026-06-15,SWP - Integrated Science and Engineering,5,2019
doi:10.3389/fenvs.2019.00022,10.3389/fenvs.2019.00022,Lesmeister S.,dwr,2026-06-15 21:37:04,2026-06-15,SWP - Integrated Science and Engineering,1,2019
doi:10.3389/fenvs.2021.778568,10.3389/fenvs.2021.778568,Pawley A.,dwr,2026-06-15 21:37:41,2026-06-15,Multibenefit Initiatives,1,2022
doi:10.3389/fevo.2023.703946,10.3389/fevo.2023.703946,McQuirk J.,dwr,2026-06-15 21:38:07,2026-06-15,SWP - Operations and Maintenance,1,2023
doi:10.3389/fevo.2023.703946,10.3389/fevo.2023.703946,Trang R.,dwr,2026-06-15 21:38:08,2026-06-15,SWP - Operations and Maintenance,1,2023
doi:10.3389/fevo.2023.703946,10.3389/fevo.2023.703946,Reeves R.,dwr,2026-06-15 21:38:09,2026-06-15,SWP - Integrated Science and Engineering,1,2023
doi:10.3389/fmars.2019.00803,10.3389/fmars.2019.00803,Ekstrom J.A.,dwr,2026-06-15 21:38:26,2026-06-15,Regional Assistance,1,2020
doi:10.3389/fmars.2022.933405,10.3389/fmars.2022.933405,Wells E.H.,dwr,2026-06-15 21:38:50,2026-06-15,SWP - Integrated Science and Engineering,1,2022
doi:10.3389/frsen.2025.1519420,10.3389/frsen.2025.1519420,Sadeghi M.,dwr,2026-06-15 21:39:04,2026-06-15,Sustainable Groundwater Management,5,2025
doi:10.3389/frsen.2025.1519420,10.3389/frsen.2025.1519420,Bandara U.,dwr,2026-06-15 21:39:08,2026-06-15,Sustainable Groundwater Management,1,2025
doi:10.3389/frsen.2025.1519420,10.3389/frsen.2025.1519420,Liang L.,dwr,2026-06-15 21:39:09,2026-06-15,Sustainable Groundwater Management,1,2025
doi:10.3389/frsen.2025.1519420,10.3389/frsen.2025.1519420,Altare C.,dwr,2026-06-15 21:39:09,2026-06-15,Sustainable Groundwater Management,1,2025
doi:10.3389/frwa.2023.1188321,10.3389/frwa.2023.1188321,Pawley A.,dwr,2026-06-15 21:39:22,2026-06-15,Multibenefit Initiatives,1,2023
doi:10.3389/frwa.2023.1188321,10.3389/frwa.2023.1188321,Moldoff D.,dwr,2026-06-15 21:39:22,2026-06-15,Flood Operations,1,2023
doi:10.3389/frwa.2023.1188321,10.3389/frwa.2023.1188321,Brown J.,dwr,2026-06-15 21:39:24,2026-06-15,Multibenefit Initiatives,4,2023
doi:10.3389/frwa.2023.1188321,10.3389/frwa.2023.1188321,Freed S.,dwr,2026-06-15 21:39:25,2026-06-15,Unknown,5,2023
doi:10.3389/frwa.2024.1445722,10.3389/frwa.2024.1445722,Anderson M.L.,dwr,2026-06-15 21:39:39,2026-06-15,Executive,4,2024
doi:10.3389/frwa.2025.1510413,10.3389/frwa.2025.1510413,Facincani Dourado G.,dwr,2026-06-15 21:40:59,2026-06-15,SWP - Operations and Maintenance,5,2025
doi:10.3389/frwa.2025.1554774,10.3389/frwa.2025.1554774,Flores-López F.,dwr,2026-06-15 21:41:22,2026-06-15,Planning,5,2025
doi:10.3389/frwa.2025.1554774,10.3389/frwa.2025.1554774,Arrate D.,dwr,2026-06-15 21:41:23,2026-06-15,Planning,1,2025
doi:10.3389/frwa.2025.1554774,10.3389/frwa.2025.1554774,Bastani M.,dwr,2026-06-15 21:41:23,2026-06-15,Planning,1,2025
doi:10.3390/agriculture9040076,10.3390/agriculture9040076,Little C.,dwr,2026-06-15 21:41:51,2026-06-15,Multibenefit Initiatives,1,2019
doi:10.3390/cli10020016,10.3390/cli10020016,He M.,dwr,2026-06-15 21:42:22,2026-06-15,SWP - Modeling Support Office,1,2022
doi:10.3390/cli6020031,10.3390/cli6020031,He M.,dwr,2026-06-15 21:42:32,2026-06-15,SWP - Modeling Support Office,1,2018
doi:10.3390/cli6020031,10.3390/cli6020031,Schwarz A.,dwr,2026-06-15 21:42:33,2026-06-15,Multibenefit Initiatives,2,2018
doi:10.3390/cli6020031,10.3390/cli6020031,Lynn E.,dwr,2026-06-15 21:42:33,2026-06-15,Planning,5,2018
doi:10.3390/cli6020031,10.3390/cli6020031,Anderson M.,dwr,2026-06-15 21:42:34,2026-06-15,Flood Operations,4,2018
doi:10.3390/cli9020026,10.3390/cli9020026,He M.,dwr,2026-06-15 21:42:43,2026-06-15,SWP - Modeling Support Office,1,2021
doi:10.3390/cli9020026,10.3390/cli9020026,Anderson J.,dwr,2026-06-15 21:42:43,2026-06-15,SWP - Modeling Support Office,1,2021
doi:10.3390/cli9020026,10.3390/cli9020026,Lynn E.,dwr,2026-06-15 21:42:44,2026-06-15,Planning,5,2021
doi:10.3390/cli9020026,10.3390/cli9020026,Arnold W.,dwr,2026-06-15 21:42:45,2026-06-15,Planning,1,2021
doi:10.3390/fishes10060261,10.3390/fishes10060261,Morais P.,dwr,2026-06-15 21:42:57,2026-06-15,SWP - Integrated Science and Engineering,1,2025
doi:10.3390/fluids5040199,10.3390/fluids5040199,Kim H.S.,dwr,2026-06-15 21:43:07,2026-06-15,SWP - Modeling Support Office,1,2020
doi:10.3390/forecast6040055,10.3390/forecast6040055,Schwarz A.,dwr,2026-06-15 21:43:16,2026-06-15,Executive,1,2024
doi:10.3390/forecast6040055,10.3390/forecast6040055,He M.,dwr,2026-06-15 21:43:16,2026-06-15,SWP - Modeling Support Office,1,2024
doi:10.3390/hydrology10110212,10.3390/hydrology10110212,Tom B.,dwr,2026-06-15 21:43:27,2026-06-15,SWP - Modeling Support Office,1,2023
doi:10.3390/hydrology10110212,10.3390/hydrology10110212,He M.,dwr,2026-06-15 21:43:27,2026-06-15,SWP - Modeling Support Office,1,2023
doi:10.3390/hydrology10110212,10.3390/hydrology10110212,Sandhu P.,dwr,2026-06-15 21:43:28,2026-06-15,SWP - Modeling Support Office,1,2023
doi:10.3390/hydrology12020022,10.3390/hydrology12020022,Schwarz A.,dwr,2026-06-15 21:43:34,2026-06-15,Executive,1,2025
doi:10.3390/hydrology12020022,10.3390/hydrology12020022,Chen Z.Q.R.,dwr,2026-06-15 21:43:35,2026-06-15,SWP - Modeling Support Office,5,2025
doi:10.3390/hydrology12020022,10.3390/hydrology12020022,Perez A.,dwr,2026-06-15 21:43:35,2026-06-15,Planning,4,2025
doi:10.3390/hydrology12020022,10.3390/hydrology12020022,He M.,dwr,2026-06-15 21:43:36,2026-06-15,SWP - Modeling Support Office,1,2025
doi:10.3390/hydrology12030042,10.3390/hydrology12030042,Bastani M.,dwr,2026-06-15 21:43:44,2026-06-15,Planning,1,2025
doi:10.3390/hydrology12030059,10.3390/hydrology12030059,He M.,dwr,2026-06-15 21:43:52,2026-06-15,SWP - Modeling Support Office,1,2025
doi:10.3390/hydrology12030059,10.3390/hydrology12030059,Sandhu P.,dwr,2026-06-15 21:43:52,2026-06-15,SWP - Modeling Support Office,1,2025
doi:10.3390/hydrology12030059,10.3390/hydrology12030059,Namadi P.,dwr,2026-06-15 21:43:52,2026-06-15,SWP - Modeling Support Office,1,2025
doi:10.3390/hydrology12030059,10.3390/hydrology12030059,Reyes E.,dwr,2026-06-15 21:43:53,2026-06-15,SWP - Modeling Support Office,5,2025
doi:10.3390/hydrology12030059,10.3390/hydrology12030059,Guivetchi K.,dwr,2026-06-15 21:43:53,2026-06-15,Executive,2,2025
doi:10.3390/hydrology12030059,10.3390/hydrology12030059,Chung F.,dwr,2026-06-15 21:43:54,2026-06-15,Executive,1,2025
doi:10.3390/hydrology3020014,10.3390/hydrology3020014,He M.,dwr,2026-06-15 21:44:04,2026-06-15,Flood Operations,1,2016
doi:10.3390/hydrology3020014,10.3390/hydrology3020014,Gautam M.,dwr,2026-06-15 21:44:05,2026-06-15,Flood Operations,1,2016
doi:10.3390/hydrology3040035,10.3390/hydrology3040035,He M.,dwr,2026-06-15 21:44:21,2026-06-15,Flood Operations,1,2016
doi:10.3390/hydrology3040035,10.3390/hydrology3040035,Russo M.,dwr,2026-06-15 21:44:28,2026-06-15,Flood Operations,1,2016
doi:10.3390/hydrology5010001,10.3390/hydrology5010001,Lynn E.,dwr,2026-06-15 21:44:38,2026-06-15,Planning,5,2018
doi:10.3390/hydrology5010001,10.3390/hydrology5010001,Schwarz A.,dwr,2026-06-15 21:44:39,2026-06-15,Multibenefit Initiatives,2,2018
doi:10.3390/hydrology5010001,10.3390/hydrology5010001,Anderson M.,dwr,2026-06-15 21:44:40,2026-06-15,Flood Operations,4,2018
doi:10.3390/hydrology5010001,10.3390/hydrology5010001,Russo M.,dwr,2026-06-15 21:44:40,2026-06-15,Flood Operations,1,2018
doi:10.3390/hydrology5010001,10.3390/hydrology5010001,He M.,dwr,2026-06-15 21:44:41,2026-06-15,SWP - Modeling Support Office,1,2018
doi:10.3390/land12020382,10.3390/land12020382,Hayden L.,dwr,2026-06-15 21:46:13,2026-06-15,North Central Region Office,1,2023
doi:10.3390/min9070434,10.3390/min9070434,Flynn T.M.,dwr,2026-06-15 21:46:42,2026-06-15,SWP - Integrated Science and Engineering,1,2019
doi:10.3390/toxins12030178,10.3390/toxins12030178,Lesmeister S.,dwr,2026-06-15 21:46:53,2026-06-15,SWP - Integrated Science and Engineering,1,2020
doi:10.3390/w11081651,10.3390/w11081651,He M.,dwr,2026-06-15 21:47:06,2026-06-15,SWP - Modeling Support Office,1,2019
doi:10.3390/w11081651,10.3390/w11081651,Anderson M.,dwr,2026-06-15 21:47:07,2026-06-15,Flood Operations,4,2019
doi:10.3390/w11081651,10.3390/w11081651,Lynn E.,dwr,2026-06-15 21:47:08,2026-06-15,Planning,5,2019
doi:10.3390/w11081651,10.3390/w11081651,Vasquez J.,dwr,2026-06-15 21:47:13,2026-06-15,South Central Region Office,1,2019
doi:10.3390/w11081651,10.3390/w11081651,Arnold W.,dwr,2026-06-15 21:47:14,2026-06-15,Multibenefit Initiatives,1,2019
doi:10.3390/w12082253,10.3390/w12082253,Little C.,dwr,2026-06-15 21:47:33,2026-06-15,Regional Assistance,1,2020
doi:10.3390/w13030312,10.3390/w13030312,Anderson M.,dwr,2026-06-15 21:47:54,2026-06-15,Flood Operations,4,2021
doi:10.3390/w14132030,10.3390/w14132030,He M.,dwr,2026-06-15 21:48:08,2026-06-15,SWP - Modeling Support Office,1,2022
doi:10.3390/w14132030,10.3390/w14132030,Sandhu P.,dwr,2026-06-15 21:48:09,2026-06-15,SWP - Modeling Support Office,1,2022
doi:10.3390/w14132030,10.3390/w14132030,Namadi P.,dwr,2026-06-15 21:48:09,2026-06-15,SWP - Modeling Support Office,1,2022
doi:10.3390/w14132030,10.3390/w14132030,Zhou Y.,dwr,2026-06-15 21:48:16,2026-06-15,SWP - Modeling Support Office,1,2022
doi:10.3390/w14132030,10.3390/w14132030,Tom B.,dwr,2026-06-15 21:48:16,2026-06-15,SWP - Modeling Support Office,1,2022
doi:10.3390/w14132030,10.3390/w14132030,Hoang R.,dwr,2026-06-15 21:48:17,2026-06-15,SWP - Modeling Support Office,1,2022
doi:10.3390/w14132030,10.3390/w14132030,Anderson J.,dwr,2026-06-15 21:48:17,2026-06-15,SWP - Modeling Support Office,1,2022
doi:10.3390/w14223628,10.3390/w14223628,He M.,dwr,2026-06-15 21:48:28,2026-06-15,SWP - Modeling Support Office,1,2022
doi:10.3390/w14223628,10.3390/w14223628,Sandhu P.,dwr,2026-06-15 21:48:29,2026-06-15,SWP - Modeling Support Office,1,2022
doi:10.3390/w14223628,10.3390/w14223628,Chung F.,dwr,2026-06-15 21:48:30,2026-06-15,Executive,1,2022
doi:10.3390/w14223628,10.3390/w14223628,Namadi P.,dwr,2026-06-15 21:48:31,2026-06-15,SWP - Modeling Support Office,1,2022
doi:10.3390/w14223628,10.3390/w14223628,Zhou Y.,dwr,2026-06-15 21:48:35,2026-06-15,SWP - Modeling Support Office,1,2022
doi:10.3390/w14223628,10.3390/w14223628,Hoang R.,dwr,2026-06-15 21:48:35,2026-06-15,SWP - Modeling Support Office,1,2022
doi:10.3390/w14223628,10.3390/w14223628,Tom B.,dwr,2026-06-15 21:48:36,2026-06-15,SWP - Modeling Support Office,1,2022
doi:10.3390/w14223628,10.3390/w14223628,Anderson J.,dwr,2026-06-15 21:48:36,2026-06-15,SWP - Modeling Support Office,1,2022
doi:10.3390/w15132320,10.3390/w15132320,He M.,dwr,2026-06-15 21:48:55,2026-06-15,SWP - Modeling Support Office,1,2023
doi:10.3390/w15132320,10.3390/w15132320,Sandhu P.,dwr,2026-06-15 21:48:55,2026-06-15,SWP - Modeling Support Office,1,2023
doi:10.3390/w15132320,10.3390/w15132320,Chung F.,dwr,2026-06-15 21:48:56,2026-06-15,Executive,1,2023
doi:10.3390/w15132320,10.3390/w15132320,Zhou Y.,dwr,2026-06-15 21:48:57,2026-06-15,SWP - Modeling Support Office,1,2023
doi:10.3390/w15132320,10.3390/w15132320,Hoang R.,dwr,2026-06-15 21:48:57,2026-06-15,SWP - Modeling Support Office,1,2023
doi:10.3390/w15132320,10.3390/w15132320,Namadi P.,dwr,2026-06-15 21:48:58,2026-06-15,SWP - Modeling Support Office,1,2023
doi:10.3390/w15132320,10.3390/w15132320,Tom B.,dwr,2026-06-15 21:48:58,2026-06-15,SWP - Modeling Support Office,1,2023
doi:10.3390/w15132320,10.3390/w15132320,Anderson J.,dwr,2026-06-15 21:49:00,2026-06-15,SWP - Modeling Support Office,1,2023
doi:10.3390/w15132482,10.3390/w15132482,Chung F.,dwr,2026-06-15 21:49:15,2026-06-15,Executive,1,2023
doi:10.3390/w15132482,10.3390/w15132482,Anderson J.,dwr,2026-06-15 21:49:16,2026-06-15,SWP - Modeling Support Office,1,2023
doi:10.3390/w15132482,10.3390/w15132482,Sandhu P.,dwr,2026-06-15 21:49:19,2026-06-15,SWP - Modeling Support Office,1,2023
doi:10.3390/w15132482,10.3390/w15132482,Tom B.,dwr,2026-06-15 21:49:20,2026-06-15,SWP - Modeling Support Office,1,2023
doi:10.3390/w15132482,10.3390/w15132482,Namadi P.,dwr,2026-06-15 21:49:20,2026-06-15,SWP - Modeling Support Office,1,2023
doi:10.3390/w15132482,10.3390/w15132482,He M.,dwr,2026-06-15 21:49:21,2026-06-15,SWP - Modeling Support Office,1,2023
doi:10.3390/w15132482,10.3390/w15132482,Zhou Y.,dwr,2026-06-15 21:49:22,2026-06-15,SWP - Modeling Support Office,1,2023
doi:10.3390/w15132482,10.3390/w15132482,Hoang R.,dwr,2026-06-15 21:49:22,2026-06-15,SWP - Modeling Support Office,1,2023
doi:10.3390/w16172529,10.3390/w16172529,Goertler P.A.L.,dwr,2026-06-15 21:49:45,2026-06-15,Executive,5,2024
doi:10.3390/w16172529,10.3390/w16172529,Sommer T.,dwr,2026-06-15 21:49:46,2026-06-15,Unknown,5,2024
doi:10.3390/w17101511,10.3390/w17101511,He M.,dwr,2026-06-15 21:49:54,2026-06-15,SWP - Modeling Support Office,1,2025
doi:10.3390/w17101511,10.3390/w17101511,Sandhu P.,dwr,2026-06-15 21:49:55,2026-06-15,SWP - Modeling Support Office,1,2025
doi:10.3390/w17101511,10.3390/w17101511,Namadi P.,dwr,2026-06-15 21:49:56,2026-06-15,SWP - Modeling Support Office,1,2025
doi:10.3390/w8120592,10.3390/w8120592,Kadir T.,dwr,2026-06-15 21:50:06,2026-06-15,SWP - Modeling Support Office,1,2016
doi:10.3390/w8120592,10.3390/w8120592,Brush C.,dwr,2026-06-15 21:50:07,2026-06-15,SWP - Modeling Support Office,1,2016
doi:10.3390/w8120592,10.3390/w8120592,Dogrul E.,dwr,2026-06-15 21:50:07,2026-06-15,SWP - Modeling Support Office,1,2016
doi:10.3390/w9020126,10.3390/w9020126,Andrew J.T.,dwr,2026-06-15 21:50:14,2026-06-15,Executive,1,2017
doi:10.3391/mbi.2014.5.3.04,10.3391/mbi.2014.5.3.04,Veldhuizen T.,dwr,2026-06-15 21:51:10,2026-06-15,SWP - Operations and Maintenance,1,2014
doi:10.3391/mbi.2014.5.3.04,10.3391/mbi.2014.5.3.04,Janik J.,dwr,2026-06-15 21:51:10,2026-06-15,SWP - Operations and Maintenance,1,2014
doi:10.51492/cfwj.109.9,10.51492/cfwj.109.9,Kindopp J.,dwr,2026-06-15 21:51:21,2026-06-15,SWP - Integrated Science and Engineering,1,2023
doi:10.51492/cfwj.109.9,10.51492/cfwj.109.9,Hikey K.,dwr,2026-06-15 21:51:32,2026-06-15,Unknown,5,2023
doi:10.51492/cfwj.hwisi.12,10.51492/cfwj.hwisi.12,Wunderlich V.,dwr,2026-06-15 21:52:10,2026-06-15,SWP - Integrated Science and Engineering,1,2021
doi:10.5194/gmd-18-8157-2025,10.5194/gmd-18-8157-2025,Anthony T.L.,dwr,2026-06-15 21:52:22,2026-06-15,Multibenefit Initiatives,1,2025
doi:10.5194/hess-24-5317-2020,10.5194/hess-24-5317-2020,Lynn E.,dwr,2026-06-15 21:52:58,2026-06-15,Planning,5,2020
doi:10.5194/hess-24-5317-2020,10.5194/hess-24-5317-2020,Cuthbertson A.,dwr,2026-06-15 21:52:59,2026-06-15,North Central Region Office,1,2020
doi:10.5194/hess-24-5317-2020,10.5194/hess-24-5317-2020,He M.,dwr,2026-06-15 21:52:59,2026-06-15,SWP - Modeling Support Office,1,2020
doi:10.5194/hess-24-5317-2020,10.5194/hess-24-5317-2020,Vasquez J.P.,dwr,2026-06-15 21:52:59,2026-06-15,South Central Region Office,1,2020
doi:10.5194/hess-24-5317-2020,10.5194/hess-24-5317-2020,Anderson M.L.,dwr,2026-06-15 21:53:00,2026-06-15,Flood Operations,4,2020
doi:10.5194/hess-24-5317-2020,10.5194/hess-24-5317-2020,Coombe P.,dwr,2026-06-15 21:53:00,2026-06-15,Northern Region Office,1,2020
doi:10.5194/hess-30-1719-2026,10.5194/hess-30-1719-2026,Anderson M.L.,dwr,2026-06-15 21:53:12,2026-06-15,Executive,4,2026
doi:10.5751/es-10980-240228,10.5751/ES-10980-240228,Ekstrom J.A.,dwr,2026-06-15 21:53:23,2026-06-15,North Central Region Office,1,2019
doi:10.7717/peerj.16453,10.7717/peerj.16453,Schreier B.M.,dwr,2026-06-15 21:53:45,2026-06-15,SWP - Integrated Science and Engineering,1,2024
doi:10.7717/peerj.16453,10.7717/peerj.16453,Baerwald M.R.,dwr,2026-06-15 21:53:46,2026-06-15,SWP - Integrated Science and Engineering,1,2024
